trait,species,mean,max
Leaf.length,Acaena.agnipila,1.6,1.6
Leaf.length,Acaena.anserovina,1.8,1.8
Leaf.length,Acaena.echinata,1.2,1.2
Leaf.length,Acetosella.vulgaris,7,7
Leaf.length,Aira.caryophyllea,0.6,0.6
Leaf.length,Aira.cupaniana,0.6,0.6
Leaf.length,Aira.elegantissima,0.3,0.3
Leaf.length,Aira.provincialis,1.1,1.1
Leaf.length,Alternanthera.angustifolia,2,2
Leaf.length,Alternanthera.denticulata,6,6
Leaf.length,Alternanthera.nana,2.5,2.5
Leaf.length,Alternanthera.nodiflora,8,8
Leaf.length,Alternanthera.philoxeroides,7,7
Leaf.length,Alternanthera.pungens,5,5
Leaf.length,Anagallis.arvensis,2.5,2.5
Leaf.length,Aphanes.arvensis,9,9
Leaf.length,Aphanes.australiana,1,1
Leaf.length,Aphanes.inexspectata,0.8,0.8
Leaf.length,Arctotheca.calendula,25,25
Leaf.length,Arctotheca.populifolia,6,6
Leaf.length,Arenaria.leptoclados,0.8,0.8
Leaf.length,Arenaria.serpyllifolia,0.5,0.5
Leaf.length,Aristida.echinata,12,12
Leaf.length,Bothriochloa.insculpta,0.3,0.3
Leaf.length,Brachyscome.abercrombiensis,8,8
Leaf.length,Brachyscome.aculeata,10,10
Leaf.length,Brachyscome.ascendens,40,40
Leaf.length,Brachyscome.barkerae,4.5,4.5
Leaf.length,Brachyscome.brownii,4,4
Leaf.length,Brachyscome.casstiana,11,11
Leaf.length,Brachyscome.chrysoglossa,11,11
Leaf.length,Brachyscome.ciliaris,6,6
Leaf.length,Brachyscome.curvicarpa,5,5
Leaf.length,Brachyscome.dalbyensis,2,2
Leaf.length,Brachyscome.debilis,2,2
Leaf.length,Brachyscome.decipiens,10,10
Leaf.length,Brachyscome.dentata,5,5
Leaf.length,Brachyscome.dissectifolia,6.5,6.5
Leaf.length,Brachyscome.diversifolia,9.5,9.5
Leaf.length,Brachyscome.eriogona,6,6
Leaf.length,Brachyscome.exilis,4,4
Leaf.length,Brachyscome.foliosa,3.8,3.8
Leaf.length,Brachyscome.formosa,3,3
Leaf.length,Brachyscome.goniocarpa,3,3
Leaf.length,Brachyscome.gracilis,1.5,1.5
Leaf.length,Brachyscome.graminea,16,16
Leaf.length,Brachyscome.lineariloba,8,8
Leaf.length,Brachyscome.melanocarpa,5.5,5.5
Leaf.length,Brachyscome.microcarpa,7.5,7.5
Leaf.length,Brachyscome.mittagongensis,3.8,3.8
Leaf.length,Brachyscome.muelleroides,5.5,5.5
Leaf.length,Brachyscome.multifida,7,7
Leaf.length,Brachyscome.nivalis,15,15
Leaf.length,Brachyscome.nodosa,1.5,1.5
Leaf.length,Brachyscome.nova-anglica,5,5
Leaf.length,Brachyscome.obovata,25,25
Leaf.length,Brachyscome.paludicola,9,9
Leaf.length,Brachyscome.papillosa,7,7
Leaf.length,Brachyscome.procumbens,8,8
Leaf.length,Brachyscome.ptychocarpa,6,6
Leaf.length,Brachyscome.radicans,15,15
Leaf.length,Brachyscome.readeri,7.5,7.5
Leaf.length,Brachyscome.rigidula,1.8,1.8
Leaf.length,Brachyscome.scapigera,19,19
Leaf.length,Brachyscome.segmentosa,5,5
Leaf.length,Brachyscome.smithwhitei,11,11
Leaf.length,Brachyscome.staceae,3,3
Leaf.length,Brachyscome.stuartii,9.5,9.5
Leaf.length,Brachyscome.tadgellii,9,9
Leaf.length,Brachyscome.tenuiscapa,10,10
Leaf.length,Brachyscome.trachycarpa,3.5,3.5
Leaf.length,Brachyscome.whitei,7,7
Leaf.length,Bromus.alopecuros,15,15
Leaf.length,Bromus.catharticus,30,30
Leaf.length,Bulbine.alata,30,30
Leaf.length,Bulbine.glauca,45,45
Leaf.length,Bulbine.semibarbata,27,27
Leaf.length,Bulbine.vagans,30,30
Leaf.length,Carduus.pycnocephalus,20,20
Leaf.length,Carduus.tenuiflorus,20,20
Leaf.length,Carex.klaphakei,7,7
Leaf.length,Carex.tereticaulis,20,20
Leaf.length,Carthamus.dentatus,6,6
Leaf.length,Carthamus.lanatus,6,6
Leaf.length,Carthamus.tinctorius,12,12
Leaf.length,Centaurium.erythraea,4,4
Leaf.length,Centaurium.tenuifolia,4,4
Leaf.length,Cerastium.balearicum,0.9,0.9
Leaf.length,Cerastium.glomeratum,2.5,2.5
Leaf.length,Cheilanthes.austrotenuifolia.vulgare,2.5,2.5
Leaf.length,Cheilanthes.fontanum,2.5,2.5
Leaf.length,Chondrilla.juncea,20,20
Leaf.length,Cicendia.filiformis,1.5,1.5
Leaf.length,Cicendia.quadrangularis,0.5,0.5
Leaf.length,Cirsium.arvense,10,10
Leaf.length,Cirsium.vulgare,30,30
Leaf.length,Convolvulus.angustissimus,6.5,6.5
Leaf.length,Convolvulus.arvensis,6,6
Leaf.length,Convolvulus.clementii,6,6
Leaf.length,Convolvulus.crispifolius,3,3
Leaf.length,Convolvulus.erubescens,5.5,5.5
Leaf.length,Convolvulus.farinosus,11,11
Leaf.length,Convolvulus.graminetinus,4,4
Leaf.length,Convolvulus.microsepalus,4.5,4.5
Leaf.length,Convolvulus.recurvatus,3.5,3.5
Leaf.length,Convolvulus.remotus,8,8
Leaf.length,Convolvulus.tedmoorei,5,5
Leaf.length,Convolvulus.wimmerensis,3,3
Leaf.length,Conyza.bilbaoana,5,5
Leaf.length,Conyza.bonariensis,9,9
Leaf.length,Conyza.canadensis,10,10
Leaf.length,Conyza.leucantha,10,10
Leaf.length,Conyza.parva,4.5,4.5
Leaf.length,Conyza.primulifolia,25,25
Leaf.length,Conyza.sumatrensis,10,10
Leaf.length,Cotula.alpina,3.5,3.5
Leaf.length,Cotula.australis,2,2
Leaf.length,Cotula.bipinnata,6,6
Leaf.length,Cotula.coronopifolia,2,2
Leaf.length,Crassula.colorata,0.5,0.5
Leaf.length,Crassula.decumbens,0.8,0.8
Leaf.length,Crassula.helmsii,1.2,1.2
Leaf.length,Crassula.multicava,5,5
Leaf.length,Crassula.peduncularis,0.5,0.5
Leaf.length,Crassula.sarmentosa,3.5,3.5
Leaf.length,Crassula.sieberiana,1,1
Leaf.length,Crassula.tetragona,3,3
Leaf.length,Crepis.capillaris,25,25
Leaf.length,Crepis.foetida,13,13
Leaf.length,Crepis.setosa,20,20
Leaf.length,Cymbonotus.lawsonianus,25,25
Leaf.length,Cymbonotus.maidenii,40,40
Leaf.length,Cymbonotus.preissianus,30,30
Leaf.length,Cynodon.dactylon,15,15
Leaf.length,Cynodon.incompletus,15,15
Leaf.length,Cynodon.transvaalensis,5,5
Leaf.length,Cynoglossum.australe,6,6
Leaf.length,Cynoglossum.creticum,20,20
Leaf.length,Cynoglossum.suaveolens,20,20
Leaf.length,Daucus.carota,15,15
Leaf.length,Daucus.glochidiatus,5,5
Leaf.length,Desmodium.acanthocladum,2.5,2.5
Leaf.length,Desmodium.brachypodum,7,7
Leaf.length,Desmodium.campylocaulon,10,10
Leaf.length,Desmodium.gangeticum,8,8
Leaf.length,Desmodium.gunnii,2,2
Leaf.length,Desmodium.heterocarpon,7,7
Leaf.length,Desmodium.intortum,10,10
Leaf.length,Desmodium.nemorosum,8,8
Leaf.length,Desmodium.rhytidophyllum,7,7
Leaf.length,Desmodium.uncinatum,10,10
Leaf.length,Desmodium.varians,4,4
Leaf.length,Dichondra.repens,25,25
Leaf.length,Digitaria.velutina,15,15
Leaf.length,Drosera.arcturi,7,7
Leaf.length,Drosera.binata,10,10
Leaf.length,Drosera.burmanni,1,1
Leaf.length,Drosera.capensis,3.5,3.5
Leaf.length,Drosera.indica,15,15
Leaf.length,Drosera.peltata,0.7,0.7
Leaf.length,Drosera.pygmaea,0.5,0.5
Leaf.length,Drosera.spatulata,2,2
Leaf.length,Echium.italicum,30,30
Leaf.length,Echium.plantagineum,30,30
Leaf.length,Echium.vulgare,15,15
Leaf.length,Epilobium.billardierianum,4,4
Leaf.length,Epilobium.ciliatum,8,8
Leaf.length,Epilobium.curtisiae,2,2
Leaf.length,Epilobium.gunnianum,6,6
Leaf.length,Epilobium.hirsutum,12,12
Leaf.length,Epilobium.hirtigerum,6,6
Leaf.length,Epilobium.pallidiflorum,8,8
Leaf.length,Epilobium.sarmentaceum,4,4
Leaf.length,Epilobium.tasmanicum,2,2
Leaf.length,Eragrostis.lanicaulis,7,7
Leaf.length,Erodium.aureum,3.5,3.5
Leaf.length,Erodium.botrys,14,14
Leaf.length,Erodium.brachycarpum,15,15
Leaf.length,Erodium.carolinianum,7,7
Leaf.length,Erodium.cicutarium,11,11
Leaf.length,Erodium.crinitum,4,4
Leaf.length,Erodium.malacoides,5,5
Leaf.length,Erodium.moschatum,15,15
Leaf.length,Euchiton.involucratus,20,20
Leaf.length,Euchiton.japonicus,18,18
Leaf.length,Euchiton.limosus,5,5
Leaf.length,Euchiton.sphaericus,7,7
Leaf.length,Euchiton.traversii,3,3
Leaf.length,Euchiton.umbricola,6,6
Leaf.length,Euphorbia.australis,0.8,0.8
Leaf.length,Euphorbia.bifida,4.5,4.5
Leaf.length,Euphorbia.dallachyana,1,1
Leaf.length,Euphorbia.davidii,6,6
Leaf.length,Euphorbia.drummondii,1,1
Leaf.length,Euphorbia.falcata,3,3
Leaf.length,Euphorbia.helioscopia,4,4
Leaf.length,Euphorbia.hirta,4,4
Leaf.length,Euphorbia.hyssopifolia,3,3
Leaf.length,Euphorbia.lathyris,16,16
Leaf.length,Euphorbia.maculata,0.8,0.8
Leaf.length,Euphorbia.marginata,7.5,7.5
Leaf.length,Euphorbia.oblongata,6,6
Leaf.length,Euphorbia.ophthalmica,1.5,1.5
Leaf.length,Euphorbia.paralias,2,2
Leaf.length,Euphorbia.peplus,1.5,1.5
Leaf.length,Euphorbia.planiticola,5,5
Leaf.length,Euphorbia.prostrata,0.8,0.8
Leaf.length,Euphorbia.psammogeton,3,3
Leaf.length,Euphorbia.sarcostemmoides,0.4,0.4
Leaf.length,Euphorbia.stevenii,3,3
Leaf.length,Euphorbia.terracina,4,4
Leaf.length,Euphorbia.wheeleri,1.5,1.5
Leaf.length,Festuca.arundinacea,50,50
Leaf.length,Galium.aparine,6,6
Leaf.length,Galium.australe,1.2,1.2
Leaf.length,Galium.binifolium,1.2,1.2
Leaf.length,Galium.bungoniensis,1.4,1.4
Leaf.length,Galium.ciliare,1.2,1.2
Leaf.length,Galium.divaricatum,1,1
Leaf.length,Galium.gaudichaudii,0.8,0.8
Leaf.length,Galium.leiocarpum,1.5,1.5
Leaf.length,Galium.leptogonium,1.5,1.5
Leaf.length,Galium.liratum,1.5,1.5
Leaf.length,Galium.microlobum,1,1
Leaf.length,Galium.murale,0.8,0.8
Leaf.length,Galium.palustre,1,1
Leaf.length,Galium.polyanthum,2.5,2.5
Leaf.length,Galium.roddii,4.5,4.5
Leaf.length,Galium.spurium,3,3
Leaf.length,Galium.tricornutum,5,5
Leaf.length,Gamochaeta.americana,12,12
Leaf.length,Gamochaeta.antillana,4,4
Leaf.length,Gamochaeta.calviceps,3,3
Leaf.length,Gamochaeta.coarctata,7,7
Leaf.length,Gamochaeta.pensylvanica,8,8
Leaf.length,Gamochaeta.purpurea,12,12
Leaf.length,Geranium.antrorsum,4,4
Leaf.length,Geranium.dissectum,3,3
Leaf.length,Geranium.gardneri,4,4
Leaf.length,Geranium.graniticola,3,3
Leaf.length,Geranium.homeanum,4,4
Leaf.length,Geranium.molle,2,2
Leaf.length,Geranium.neglectum,3,3
Leaf.length,Geranium.obtusisepalum,2,2
Leaf.length,Geranium.potentilloides,3.5,3.5
Leaf.length,Geranium.purpureum,5,5
Leaf.length,Geranium.retrorsum,2,2
Leaf.length,Geranium.robertianum,8,8
Leaf.length,Geranium.sessiliflorum,2,2
Leaf.length,Geranium.solanderi,3,3
Leaf.length,Glycine.canescens,8,8
Leaf.length,Glycine.clandestina,8,8
Leaf.length,Glycine.cyrtoloba,4.5,4.5
Leaf.length,Glycine.latifolia,5.8,5.8
Leaf.length,Glycine.microphylla,5,5
Leaf.length,Glycine.pacifica,10,10
Leaf.length,Glycine.rubiginosa,5.5,5.5
Leaf.length,Glycine.stenophita,8,8
Leaf.length,Glycine.tabacina,7,7
Leaf.length,Glycine.tomentella,6.5,6.5
Leaf.length,Gnaphalium.diamantinense,2.5,2.5
Leaf.length,Gnaphalium.indutum,1.5,1.5
Leaf.length,Gnaphalium.polycaulon,4.5,4.5
Leaf.length,Haloragis.aspera,4,4
Leaf.length,Haloragis.exalata,10,10
Leaf.length,Haloragis.glauca,4.5,4.5
Leaf.length,Haloragis.heterophylla,3,3
Leaf.length,Haloragis.milesiae,8,8
Leaf.length,Haloragis.odontocarpa,4,4
Leaf.length,Haloragis.serra,4.5,4.5
Leaf.length,Haloragis.stricta,4,4
Leaf.length,Hirschfeldia.incana,20,20
Leaf.length,Hydrocotyle.rivularis,11,11
Leaf.length,Hydrocotyle.trachycarpa,20,20
Leaf.length,Hydrocotyle.tripartita,1,1
Leaf.length,Hypericum.androsaemum,9,9
Leaf.length,Hypericum.calycinum,10,10
Leaf.length,Hypericum.elodes,3,3
Leaf.length,Hypericum.gramineum,1.3,1.3
Leaf.length,Hypericum.hypericoides,2,2
Leaf.length,Hypericum.japonicum,0.8,0.8
Leaf.length,Hypericum.kouytchense,6,6
Leaf.length,Hypericum.patulum,6,6
Leaf.length,Hypericum.perforatum,4,4
Leaf.length,Hypochaeris.glabra,15,15
Leaf.length,Hypochaeris.microcephala,15,15
Leaf.length,Hypochaeris.radicata,20,20
Leaf.length,Isoetopsis.graminifolia,5,5
Leaf.length,Isolepis.australiensis,3,3
Leaf.length,Isolepis.cernua,4,4
Leaf.length,Isolepis.congrua,9,9
Leaf.length,Isolepis.gaudichaudiana,2,2
Leaf.length,Isolepis.hookeriana,1,1
Leaf.length,Isolepis.inundata,6,6
Leaf.length,Isolepis.marginata,4,4
Leaf.length,Isolepis.montivaga,6,6
Leaf.length,Isolepis.platycarpa,1.5,1.5
Leaf.length,Isolepis.sepulcralis,10,10
Leaf.length,Isolepis.stellata,2.5,2.5
Leaf.length,Isolepis.subtilissima,9,9
Leaf.length,Isolepis.victoriensis,2,2
Leaf.length,Juncus.aridicola,24,24
Leaf.length,Juncus.australis,19,19
Leaf.length,Juncus.brevibracteus,19,19
Leaf.length,Juncus.continuus,14,14
Leaf.length,Juncus.dolichanthus,8,8
Leaf.length,Juncus.effusus,13,13
Leaf.length,Juncus.filicaulis,6,6
Leaf.length,Juncus.firmus,27,27
Leaf.length,Juncus.flavidus,17,17
Leaf.length,Juncus.gregiflorus,22,22
Leaf.length,Juncus.ingens,35,35
Leaf.length,Juncus.laeviusculus,21,21
Leaf.length,Juncus.pallidus,30,30
Leaf.length,Juncus.pauciflorus,15,15
Leaf.length,Juncus.phaeanthus,15,15
Leaf.length,Juncus.polyanthemus,27,27
Leaf.length,Juncus.procerus,35,35
Leaf.length,Juncus.psammophilus,28,28
Leaf.length,Juncus.radula,14,14
Leaf.length,Juncus.remotiflorus,13,13
Leaf.length,Juncus.sarophorus,40,40
Leaf.length,Juncus.semisolidus,36,36
Leaf.length,Juncus.subglaucus,17,17
Leaf.length,Juncus.subsecundus,11,11
Leaf.length,Juncus.usitatus,18,18
Leaf.length,Juncus.vaginatus,24,24
Leaf.length,Lactuca.saligna,20,20
Leaf.length,Linaria.arvensis,3.5,3.5
Leaf.length,Linaria.incarnata,4.2,4.2
Leaf.length,Linaria.nigricans,1.2,1.2
Leaf.length,Linaria.pelisseriana,1,1
Leaf.length,Linaria.vulgaris,6,6
Leaf.length,Lolium.loliaceum,15,15
Leaf.length,Lomandra.bracteata,30,30
Leaf.length,Lomandra.brevis,30,30
Leaf.length,Lomandra.collina,30,30
Leaf.length,Lomandra.confertifolia,70,70
Leaf.length,Lomandra.cylindrica,3.5,3.5
Leaf.length,Lomandra.effusa,50,50
Leaf.length,Lomandra.elongata,40,40
Leaf.length,Lomandra.fluviatilis,75,75
Leaf.length,Lomandra.glauca,20,20
Leaf.length,Lomandra.gracilis,40,40
Leaf.length,Lomandra.hystrix,130,130
Leaf.length,Lomandra.laxa,40,40
Leaf.length,Lomandra.leucocephala,60,60
Leaf.length,Lomandra.longifolia,100,100
Leaf.length,Lomandra.micrantha,50,50
Leaf.length,Lomandra.montana,70,70
Leaf.length,Lomandra.multiflora,90,90
Leaf.length,Lomandra.obliqua,4,4
Leaf.length,Lomandra.patens,100,100
Leaf.length,Lomandra.spicata,80,80
Leaf.length,Lythrum.hyssopifolia,2.5,2.5
Leaf.length,Lythrum.paradoxum,7,7
Leaf.length,Lythrum.salicaria,7,7
Leaf.length,Lythrum.wilsonii,2,2
Leaf.length,Malva.dendromorpha,25,25
Leaf.length,Malva.linnaei,10,10
Leaf.length,Malva.preissiana,20,20
Leaf.length,Marrubium.vulgare,3.5,3.5
Leaf.length,Microtis.parviflora,40,40
Leaf.length,Microtis.rara,50,50
Leaf.length,Microtis.unifolia,60,60
Leaf.length,Moenchia.erecta,1.2,1.2
Leaf.length,Myosotis.australis,10,10
Leaf.length,Myosotis.discolor,4,4
Leaf.length,Myosotis.exarrhena,8,8
Leaf.length,Myosotis.sylvatica,8,8
Leaf.length,Nassella.tenuissima,60,60
Leaf.length,Orobanche.cernua,2,2
Leaf.length,Orobanche.minor,1.5,1.5
Leaf.length,Oxalis.articulata,1.5,1.5
Leaf.length,Oxalis.bifurca,0.8,0.8
Leaf.length,Oxalis.bowiei,4.5,4.5
Leaf.length,Oxalis.brasiliensis,4,4
Leaf.length,Oxalis.caprae,3,3
Leaf.length,Oxalis.chnoodes,1.4,1.4
Leaf.length,Oxalis.corniculata,1.3,1.3
Leaf.length,Oxalis.debilis,4.2,4.2
Leaf.length,Oxalis.exilis,3.5,3.5
Leaf.length,Oxalis.flava,2.5,2.5
Leaf.length,Oxalis.incarnata,1,1
Leaf.length,Oxalis.latifolia,4,4
Leaf.length,Oxalis.perdicaria,0.8,0.8
Leaf.length,Oxalis.perennans,1,1
Leaf.length,Oxalis.purpurea,3,3
Leaf.length,Oxalis.radicosa,0.6,0.6
Leaf.length,Oxalis.rubens,0.6,0.6
Leaf.length,Oxalis.thompsoniae,0.5,0.5
Leaf.length,Parentucellia.latifolia,1.5,1.5
Leaf.length,Parentucellia.viscosa,4.2,4.2
Leaf.length,Paronychia.brasiliana,0.8,0.8
Leaf.length,Paronychia.franciscana,1,1
Leaf.length,Paspalum.longifolium,35,35
Leaf.length,Petrorhagia.dubia,5,5
Leaf.length,Petrorhagia.nanteuilii,7,7
Leaf.length,Plantago.alpestris,8,8
Leaf.length,Plantago.antarctica,10,10
Leaf.length,Plantago.cladarophylla,26,26
Leaf.length,Plantago.coronopus,7,7
Leaf.length,Plantago.cunninghamii,10,10
Leaf.length,Plantago.debilis,15,15
Leaf.length,Plantago.drummondii,14,14
Leaf.length,Plantago.euryphylla,10.5,10.5
Leaf.length,Plantago.gaudichaudii,20,20
Leaf.length,Plantago.glacialis,4,4
Leaf.length,Plantago.hedleyi,20,20
Leaf.length,Plantago.hispida,9,9
Leaf.length,Plantago.lanceolata,20,20
Leaf.length,Plantago.major,20,20
Leaf.length,Plantago.muelleri,8,8
Leaf.length,Plantago.myosuros,10,10
Leaf.length,Plantago.palustris,10,10
Leaf.length,Plantago.scabra,6,6
Leaf.length,Plantago.turrifera,10,10
Leaf.length,Plantago.varia,20,20
Leaf.length,Poa.affinis,30,30
Leaf.length,Poa.annua,12,12
Leaf.length,Poa.bulbosa,10,10
Leaf.length,Poa.clivicola,15,15
Leaf.length,Poa.compressa,12,12
Leaf.length,Poa.costiniana,40,40
Leaf.length,Poa.ensiformis,30,30
Leaf.length,Poa.fax,5,5
Leaf.length,Poa.helmsii,50,50
Leaf.length,Poa.hiemata,25,25
Leaf.length,Poa.hookeri,15,15
Leaf.length,Poa.induta,25,25
Leaf.length,Poa.infirma,8,8
Leaf.length,Poa.labillardierei,80,80
Leaf.length,Pseudognaphalium.luteoalbum,5,5
Leaf.length,Rosa.bracteata,3.5,3.5
Leaf.length,Rosa.canina,4,4
Leaf.length,Rosa.laevigata,6,6
Leaf.length,Rosa.roxburghii,3,3
Leaf.length,Rosa.rubiginosa,2.5,2.5
Leaf.length,Rumex.bidens,20,20
Leaf.length,Rumex.brownii,12,12
Leaf.length,Rumex.conglomeratus,6,6
Leaf.length,Rumex.crispus,30,30
Leaf.length,Rumex.crystallinus,10,10
Leaf.length,Rumex.dumosus,20,20
Leaf.length,Rumex.hymenosepalus,30,30
Leaf.length,Rumex.obtusifolius,23,23
Leaf.length,Rumex.pulcher,20,20
Leaf.length,Rumex.stenoglottis,16,16
Leaf.length,Rumex.tenax,16,16
Leaf.length,Rytidosperma.auriculatum,10,10
Leaf.length,Rytidosperma.bipartitum,30,30
Leaf.length,Rytidosperma.caespitosum,25,25
Leaf.length,Rytidosperma.carphoides,20,20
Leaf.length,Rytidosperma.duttonianum,20,20
Leaf.length,Rytidosperma.erianthum,25,25
Leaf.length,Rytidosperma.fulvum,30,30
Leaf.length,Rytidosperma.gracile,4.1,4.1
Leaf.length,Rytidosperma.indutum,30,30
Leaf.length,Rytidosperma.laeve,20,20
Leaf.length,Rytidosperma.monticola,15,15
Leaf.length,Rytidosperma.nivicola,10,10
Leaf.length,Rytidosperma.nudiflorum,10,10
Leaf.length,Rytidosperma.penicillatum,15,15
Leaf.length,Rytidosperma.pilosum,12,12
Leaf.length,Rytidosperma.racemosum,15,15
Leaf.length,Rytidosperma.richardsonii,35,35
Leaf.length,Rytidosperma.semiannulare,15,15
Leaf.length,Rytidosperma.setaceum,20,20
Leaf.length,Rytidosperma.tenuius,20,20
Leaf.length,Rytidosperma.unarede,40,40
Leaf.length,Salvia.aethiopis,25,25
Leaf.length,Salvia.coccinea,5,5
Leaf.length,Salvia.leucantha,13,13
Leaf.length,Salvia.microphylla,4,4
Leaf.length,Salvia.plebeia,7,7
Leaf.length,Salvia.reflexa,5,5
Leaf.length,Salvia.splendens,10,10
Leaf.length,Salvia.verbenaca,10,10
Leaf.length,Schoenus.apogon,15,15
Leaf.length,Schoenus.brevifolius,1.5,1.5
Leaf.length,Schoenus.calostachyus,55,55
Leaf.length,Schoenus.calyptratus,4,4
Leaf.length,Schoenus.centralis,15,15
Leaf.length,Schoenus.ericetorum,1.5,1.5
Leaf.length,Schoenus.evansianus,12,12
Leaf.length,Schoenus.imberbis,1,1
Leaf.length,Schoenus.kennyi,1,1
Leaf.length,Schoenus.latelaminatus,11,11
Leaf.length,Schoenus.lepidosperma,0.4,0.4
Leaf.length,Schoenus.maschalinus,3,3
Leaf.length,Schoenus.melanostachys,0.5,0.5
Leaf.length,Schoenus.moorei,18,18
Leaf.length,Schoenus.pachylepis,0.4,0.4
Leaf.length,Schoenus.paludosus,7,7
Leaf.length,Schoenus.scabripes,0.2,0.2
Leaf.length,Schoenus.subaphyllus,2,2
Leaf.length,Schoenus.tesquorum,30,30
Leaf.length,Schoenus.turbinatus,16,16
Leaf.length,Schoenus.vaginatus,1.5,1.5
Leaf.length,Schoenus.villosus,32,32
Leaf.length,Senecio.amygdalifolius,12,12
Leaf.length,Senecio.anethifolius,8,8
Leaf.length,Senecio.angulatus,5,5
Leaf.length,Senecio.bathurstianus,8,8
Leaf.length,Senecio.behrianus,3,3
Leaf.length,Senecio.bipinnatisectus,10,10
Leaf.length,Senecio.biserratus,12,12
Leaf.length,Senecio.brigalowensis,12,12
Leaf.length,Senecio.campylocarpus,24,24
Leaf.length,Senecio.crassiflorus,8,8
Leaf.length,Senecio.cunninghamii,15,15
Leaf.length,Senecio.daltonii,10,10
Leaf.length,Senecio.diaschides,12,12
Leaf.length,Senecio.elegans,10,10
Leaf.length,Senecio.garlandii,15,15
Leaf.length,Senecio.glastifolius,15,15
Leaf.length,Senecio.glomeratus,9,9
Leaf.length,Senecio.glossanthus,4,4
Leaf.length,Senecio.gregorii,9,9
Leaf.length,Senecio.gunnii,10,10
Leaf.length,Senecio.hispidulus,8,8
Leaf.length,Senecio.howeanus,4,4
Leaf.length,Senecio.jacobaea,12,12
Leaf.length,Senecio.lacustrinus,12,12
Leaf.length,Senecio.lageniformis,10,10
Leaf.length,Senecio.lanibracteus,10,10
Leaf.length,Senecio.leptocarpus,8,8
Leaf.length,Senecio.linearifolius,15,15
Leaf.length,Senecio.longicollaris,24,24
Leaf.length,Senecio.macranthus,12,12
Leaf.length,Senecio.madagascariensis,7,7
Leaf.length,Senecio.magnificus,9,9
Leaf.length,Senecio.microbasis,10,10
Leaf.length,Senecio.minimus,12,12
Leaf.length,Senecio.pauciradiatus,6,6
Leaf.length,Senecio.pectinatus,7,7
Leaf.length,Senecio.platylepis,8,8
Leaf.length,Senecio.prenanthoides,12,12
Leaf.length,Senecio.productus,7,7
Leaf.length,Senecio.pterophorus,10,10
Leaf.length,Senecio.quadridentatus,12,12
Leaf.length,Senecio.queenslandicus,10,10
Leaf.length,Senecio.runcinifolius,10,10
Leaf.length,Senecio.spathulatus,5,5
Leaf.length,Senecio.tamoides,7,7
Leaf.length,Senecio.tenuiflorus,10,10
Leaf.length,Senecio.tuberculatus,10,10
Leaf.length,Senecio.vagus,12,12
Leaf.length,Senecio.velleioides,12,12
Leaf.length,Senecio.vulgaris,8,8
Leaf.length,Setaria.australiensis,30,30
Leaf.length,Setaria.incrassata,60,60
Leaf.length,Setaria.italica,90,90
Leaf.length,Setaria.palmifolia,90,90
Leaf.length,Setaria.parviflora,25,25
Leaf.length,Setaria.paspalidioides,30,30
Leaf.length,Setaria.poiretiana,70,70
Leaf.length,Setaria.pumila,30,30
Leaf.length,Setaria.sphacelata,30,30
Leaf.length,Setaria.surgens,15,15
Leaf.length,Setaria.verticillata,30,30
Leaf.length,Setaria.viridis,30,30
Leaf.length,Silene.apetala,2.5,2.5
Leaf.length,Silene.chalcedonica,4,4
Leaf.length,Silene.coronaria,15,15
Leaf.length,Silene.dioica,8,8
Leaf.length,Silene.gallica,3.5,3.5
Leaf.length,Silene.latifolia,9,9
Leaf.length,Silene.noctiflora,11,11
Leaf.length,Silene.nocturna,4,4
Leaf.length,Silene.tridentata,4.5,4.5
Leaf.length,Silene.uniflora,4,4
Leaf.length,Silene.vulgaris,5,5
Leaf.length,Soliva.anthemifolia,13,13
Leaf.length,Soliva.sessilis,5,5
Leaf.length,Soliva.stolonifera,4,4
Leaf.length,Sonchus.asper,20,20
Leaf.length,Sonchus.hydrophilus,30,30
Leaf.length,Sonchus.oleraceus,35,35
Leaf.length,Stuartina.hamata,1.8,1.8
Leaf.length,Stuartina.muelleri,1.8,1.8
Leaf.length,Taraxacum.officinale,40,40
Leaf.length,Themeda.quadrivalvis,35,35
Leaf.length,Tolpis.barbata,11,11
Leaf.length,Tragopogon.dubius,50,50
Leaf.length,Tragopogon.porrifolius,30,30
Leaf.length,Tricoryne.anceps,3,3
Leaf.length,Tricoryne.elatior,10,10
Leaf.length,Tricoryne.simplex,25,25
Leaf.length,Trifolium.alexandrinum,5,5
Leaf.length,Trifolium.ambiguum,7,7
Leaf.length,Trifolium.angustifolium,5,5
Leaf.length,Trifolium.arvense,2,2
Leaf.length,Trifolium.campestre,1.6,1.6
Leaf.length,Trifolium.cernuum,1.5,1.5
Leaf.length,Trifolium.dubium,1,1
Leaf.length,Trifolium.fragiferum,3,3
Leaf.length,Trifolium.globosum,1.8,1.8
Leaf.length,Trifolium.glomeratum,1.5,1.5
Leaf.length,Trifolium.hirtum,1.5,1.5
Leaf.length,Trifolium.hybridum,3,3
Leaf.length,Trifolium.incarnatum,2,2
Leaf.length,Trifolium.ornithopodioides,1.4,1.4
Leaf.length,Trifolium.pratense,5,5
Leaf.length,Trifolium.repens,4,4
Leaf.length,Trifolium.resupinatum,3.3,3.3
Leaf.length,Trifolium.scabrum,1.1,1.1
Leaf.length,Trifolium.striatum,2.1,2.1
Leaf.length,Trifolium.subterraneum,2,2
Leaf.length,Trifolium.suffocatum,0.8,0.8
Leaf.length,Trifolium.tomentosum,1.5,1.5
Leaf.length,Trifolium.vesiculosum,4,4
Leaf.length,Triptilodiscus.pygmaeus,2,2
Leaf.length,Verbascum.blattaria,25,25
Leaf.length,Verbascum.sinuatum,35,35
Leaf.length,Verbascum.thapsus,50,50
Leaf.length,Verbascum.virgatum,30,30
Leaf.length,Vittadinia.arida,4,4
Leaf.length,Vittadinia.blackii,2,2
Leaf.length,Vittadinia.cervicularis,3.5,3.5
Leaf.length,Vittadinia.condyloides,2.2,2.2
Leaf.length,Vittadinia.cuneata,2.5,2.5
Leaf.length,Vittadinia.dissecta,2.5,2.5
Leaf.length,Vittadinia.eremaea,3,3
Leaf.length,Vittadinia.gracilis,4,4
Leaf.length,Vittadinia.hispidula,3,3
Leaf.length,Vittadinia.muelleri,4.5,4.5
Leaf.length,Vittadinia.pterochaeta,3.5,3.5
Leaf.length,Vittadinia.pustulata,2,2
Leaf.length,Vittadinia.sulcata,5,5
Leaf.length,Vittadinia.tenuissima,3.5,3.5
Leaf.length,Vulpia.ciliata,15,15
Leaf.length,Vulpia.muralis,10,10
Leaf.length,Vulpia.myuros,15,15
Leaf.length,Wahlenbergia.aridicola,5,5
Leaf.length,Wahlenbergia.ceracea,5,5
Leaf.length,Wahlenbergia.communis,8,8
Leaf.length,Wahlenbergia.densifolia,0.5,0.5
Leaf.length,Wahlenbergia.fluminalis,6,6
Leaf.length,Wahlenbergia.glabra,2.7,2.7
Leaf.length,Wahlenbergia.gloriosa,3.5,3.5
Leaf.length,Wahlenbergia.gracilenta,4,4
Leaf.length,Wahlenbergia.gracilis,6,6
Leaf.length,Wahlenbergia.graniticola,8,8
Leaf.length,Wahlenbergia.insulae-howei,2,2
Leaf.length,Wahlenbergia.littoricola,6,6
Leaf.length,Wahlenbergia.luteola,6,6
Leaf.length,Wahlenbergia.multicaulis,8,8
Leaf.length,Wahlenbergia.planiflora,9.5,9.5
Leaf.length,Wahlenbergia.queenslandica,6,6
Leaf.length,Wahlenbergia.scopulicola,2,2
Leaf.length,Wahlenbergia.stricta,7,7
Leaf.length,Wahlenbergia.tumidifructa,6,6
Leaf.length,Wahlenbergia.victoriensis,3.5,3.5
Leaf.length,Wurmbea.citrina,10,10
Leaf.length,Wurmbea.dioica,35,35
Leaf.width,Acaena.agnipila,10,10
Leaf.width,Acaena.anserovina,10,10
Leaf.width,Acaena.echinata,10,10
Leaf.width,Acetosella.vulgaris,30,30
Leaf.width,Aira.caryophyllea,0.3,0.3
Leaf.width,Aira.cupaniana,0.3,0.3
Leaf.width,Aira.elegantissima,0.8,0.8
Leaf.width,Aira.praecox,0.5,0.5
Leaf.width,Aira.provincialis,0.5,0.5
Leaf.width,Alternanthera.angustifolia,3,3
Leaf.width,Alternanthera.denticulata,8,8
Leaf.width,Alternanthera.nana,10,10
Leaf.width,Alternanthera.nodiflora,6,6
Leaf.width,Alternanthera.philoxeroides,20,20
Leaf.width,Alternanthera.pungens,10,10
Leaf.width,Anthosachne.scabra,5,5
Leaf.width,Anthoscachne.fertilis,5,5
Leaf.width,Anthoscachne.multiflora,7,7
Leaf.width,Anthoscachne.plurinervis,4,4
Leaf.width,Arctotheca.calendula,60,60
Leaf.width,Arctotheca.populifolia,50,50
Leaf.width,Arenaria.leptoclados,2.5,2.5
Leaf.width,Arenaria.serpyllifolia,3,3
Leaf.width,Aristida.acuta,2,2
Leaf.width,Aristida.anthoxanthoides,1,1
Leaf.width,Aristida.behriana,2,2
Leaf.width,Aristida.benthamii,3,3
Leaf.width,Aristida.blakei,3,3
Leaf.width,Aristida.calycina,1.5,1.5
Leaf.width,Aristida.caput-medusae,2,2
Leaf.width,Aristida.contorta,0.5,0.5
Leaf.width,Aristida.echinata,2.5,2.5
Leaf.width,Aristida.gracilipes,2,2
Leaf.width,Aristida.helicophylla,3,3
Leaf.width,Aristida.holathera,2,2
Leaf.width,Aristida.jerichoensis,1.5,1.5
Leaf.width,Aristida.latifolia,3.5,3.5
Leaf.width,Aristida.leichhardtiana,2,2
Leaf.width,Aristida.leptopoda,2,2
Leaf.width,Aristida.lignosa,4,4
Leaf.width,Aristida.muricata,2,2
Leaf.width,Aristida.obscura,1.5,1.5
Leaf.width,Aristida.personata,3,3
Leaf.width,Aristida.platychaeta,2,2
Leaf.width,Aristida.psammophila,1.3,1.3
Leaf.width,Aristida.queenslandica,2,2
Leaf.width,Aristida.ramosa,3,3
Leaf.width,Aristida.vagans,3,3
Leaf.width,Aristida.vickeryae,0.5,0.5
Leaf.width,Aristida.warburgii,2,2
Leaf.width,Austrostipa.acrociliata,10,10
Leaf.width,Austrostipa.aristiglumis,6,6
Leaf.width,Austrostipa.bigeniculata,3,3
Leaf.width,Austrostipa.blackii,5,5
Leaf.width,Austrostipa.densiflora,4.5,4.5
Leaf.width,Austrostipa.drummondii,6,6
Leaf.width,Austrostipa.elegantissima,2,2
Leaf.width,Austrostipa.eremophila,4,4
Leaf.width,Austrostipa.flavescens,7,7
Leaf.width,Austrostipa.gibbosa,5,5
Leaf.width,Austrostipa.mollis,3,3
Leaf.width,Austrostipa.nitida,2,2
Leaf.width,Austrostipa.nodosa,3,3
Leaf.width,Austrostipa.platychaeta,9,9
Leaf.width,Austrostipa.puberula,2,2
Leaf.width,Austrostipa.pubescens,4,4
Leaf.width,Austrostipa.pubinodis,2,2
Leaf.width,Austrostipa.ramosissima,10,10
Leaf.width,Austrostipa.rudis,5,5
Leaf.width,Austrostipa.scabra,2,2
Leaf.width,Austrostipa.semibarbata,7,7
Leaf.width,Austrostipa.setacea,1.5,1.5
Leaf.width,Austrostipa.stipoides,1.1,1.1
Leaf.width,Austrostipa.stuposa,4,4
Leaf.width,Austrostipa.trichophylla,0.5,0.5
Leaf.width,Austrostipa.tuckeri,1.2,1.2
Leaf.width,Avena.byzantina,15,15
Leaf.width,Avena.ludoviciana,18,18
Leaf.width,Avena.sativa,20,20
Leaf.width,Avena.sterilis,13,13
Leaf.width,Avena.strigosa,12,12
Leaf.width,Bothriochloa.bladhii,8,8
Leaf.width,Bothriochloa.decipiens,4,4
Leaf.width,Bothriochloa.erianthoides,8,8
Leaf.width,Bothriochloa.ewartiana,6,6
Leaf.width,Bothriochloa.insculpta,8,8
Leaf.width,Bothriochloa.macra,5.5,5.5
Leaf.width,Brachyscome.abercrombiensis,20,20
Leaf.width,Brachyscome.aculeata,20,20
Leaf.width,Brachyscome.ascendens,12,12
Leaf.width,Brachyscome.barkerae,3.5,3.5
Leaf.width,Brachyscome.brownii,13,13
Leaf.width,Brachyscome.chrysoglossa,18,18
Leaf.width,Brachyscome.curvicarpa,4,4
Leaf.width,Brachyscome.dalbyensis,0.8,0.8
Leaf.width,Brachyscome.decipiens,20,20
Leaf.width,Brachyscome.dentata,10,10
Leaf.width,Brachyscome.exilis,8,8
Leaf.width,Brachyscome.foliosa,11,11
Leaf.width,Brachyscome.formosa,20,20
Leaf.width,Brachyscome.goniocarpa,6,6
Leaf.width,Brachyscome.gracilis,2.5,2.5
Leaf.width,Brachyscome.graminea,10,10
Leaf.width,Brachyscome.melanocarpa,10,10
Leaf.width,Brachyscome.mittagongensis,11,11
Leaf.width,Brachyscome.muelleroides,1,1
Leaf.width,Brachyscome.multifida,3.5,3.5
Leaf.width,Brachyscome.nodosa,2.5,2.5
Leaf.width,Brachyscome.nova-anglica,9,9
Leaf.width,Brachyscome.obovata,3,3
Leaf.width,Brachyscome.paludicola,2.5,2.5
Leaf.width,Brachyscome.procumbens,35,35
Leaf.width,Brachyscome.radicans,3,3
Leaf.width,Brachyscome.scapigera,15,15
Leaf.width,Brachyscome.segmentosa,25,25
Leaf.width,Brachyscome.staceae,20,20
Leaf.width,Brachyscome.tenuiscapa,18,18
Leaf.width,Brachyscome.trachycarpa,1.5,1.5
Leaf.width,Brachyscome.whitei,20,20
Leaf.width,Briza.maxima,7,7
Leaf.width,Briza.minor,10,10
Leaf.width,Briza.subaristata,2.5,2.5
Leaf.width,Bromus.alopecuros,4,4
Leaf.width,Bromus.arenarius,4,4
Leaf.width,Bromus.brevis,5,5
Leaf.width,Bromus.catharticus,8,8
Leaf.width,Bromus.diandrus,10,10
Leaf.width,Bromus.hordeaceus,7,7
Leaf.width,Bromus.madritensis,5,5
Leaf.width,Bromus.molliformis,6,6
Leaf.width,Bromus.racemosus,6,6
Leaf.width,Bromus.rubens,5,5
Leaf.width,Bromus.secalinus,4,4
Leaf.width,Bromus.sterilis,6,6
Leaf.width,Bromus.tectorum,4,4
Leaf.width,Bulbine.alata,3,3
Leaf.width,Bulbine.glauca,10,10
Leaf.width,Bulbine.semibarbata,5,5
Leaf.width,Bulbine.vagans,6,6
Leaf.width,Carduus.pycnocephalus,80,80
Leaf.width,Carduus.tenuiflorus,80,80
Leaf.width,Carex.appressa,12,12
Leaf.width,Carex.archeri,0.5,0.5
Leaf.width,Carex.arenaria,3.5,3.5
Leaf.width,Carex.bichenoviana,8,8
Leaf.width,Carex.blakei,6,6
Leaf.width,Carex.breviculmis,3,3
Leaf.width,Carex.brownii,6,6
Leaf.width,Carex.brunnea,4,4
Leaf.width,Carex.buxbaumii,3,3
Leaf.width,Carex.canescens,4,4
Leaf.width,Carex.capillacea,0.5,0.5
Leaf.width,Carex.cephalotes,1.2,1.2
Leaf.width,Carex.chlorantha,1.7,1.7
Leaf.width,Carex.declinata,10,10
Leaf.width,Carex.disticha,4,4
Leaf.width,Carex.divulsa,3,3
Leaf.width,Carex.echinata,1.5,1.5
Leaf.width,Carex.fascicularis,11,11
Leaf.width,Carex.gaudichaudiana,4,4
Leaf.width,Carex.hebes,2.5,2.5
Leaf.width,Carex.hubbardii,4.5,4.5
Leaf.width,Carex.hypandra,3.5,3.5
Leaf.width,Carex.incomitata,8,8
Leaf.width,Carex.inversa,2,2
Leaf.width,Carex.iynx,6,6
Leaf.width,Carex.jackiana,5,5
Leaf.width,Carex.klaphakei,1.5,1.5
Leaf.width,Carex.leporina,3.5,3.5
Leaf.width,Carex.lobolepis,8,8
Leaf.width,Carex.longebrachiata,4,4
Leaf.width,Carex.lophocarpa,5,5
Leaf.width,Carex.maculata,8,8
Leaf.width,Carex.polyantha,9,9
Leaf.width,Carex.pumila,6,6
Leaf.width,Carex.raleighii,1,1
Leaf.width,Carex.tereticaulis,4,4
Leaf.width,Centaurium.erythraea,20,20
Leaf.width,Centaurium.tenuifolia,15,15
Leaf.width,Cerastium.balearicum,3,3
Leaf.width,Cerastium.glomeratum,9,9
Leaf.width,Cheilanthes.austrotenuifolia.vulgare,10,10
Leaf.width,Cheilanthes.fontanum,10,10
Leaf.width,Chloris.divaricata,4,4
Leaf.width,Chloris.gayana,10,10
Leaf.width,Chloris.pectinata,5,5
Leaf.width,Chloris.truncata,5,5
Leaf.width,Chloris.ventricosa,3,3
Leaf.width,Chloris.virgata,7,7
Leaf.width,Chondrilla.juncea,50,50
Leaf.width,Cicendia.filiformis,2,2
Leaf.width,Cicendia.quadrangularis,3,3
Leaf.width,Convolvulus.angustissimus,40,40
Leaf.width,Convolvulus.arvensis,30,30
Leaf.width,Convolvulus.clementii,20,20
Leaf.width,Convolvulus.crispifolius,18,18
Leaf.width,Convolvulus.erubescens,40,40
Leaf.width,Convolvulus.farinosus,60,60
Leaf.width,Convolvulus.graminetinus,16,16
Leaf.width,Convolvulus.microsepalus,20,20
Leaf.width,Convolvulus.recurvatus,20,20
Leaf.width,Convolvulus.remotus,40,40
Leaf.width,Convolvulus.tedmoorei,40,40
Leaf.width,Convolvulus.wimmerensis,20,20
Leaf.width,Conyza.bilbaoana,8,8
Leaf.width,Conyza.bonariensis,15,15
Leaf.width,Conyza.canadensis,8,8
Leaf.width,Conyza.leucantha,18,18
Leaf.width,Conyza.parva,5,5
Leaf.width,Conyza.primulifolia,35,35
Leaf.width,Conyza.sumatrensis,12,12
Leaf.width,Cotula.alpina,6,6
Leaf.width,Cotula.australis,10,10
Leaf.width,Cotula.bipinnata,20,20
Leaf.width,Crassula.colorata,3,3
Leaf.width,Crassula.decumbens,2,2
Leaf.width,Crassula.helmsii,3,3
Leaf.width,Crassula.multicava,40,40
Leaf.width,Crassula.peduncularis,1,1
Leaf.width,Crassula.sarmentosa,20,20
Leaf.width,Crassula.sieberiana,3,3
Leaf.width,Crassula.tetragona,5,5
Leaf.width,Crepis.capillaris,50,50
Leaf.width,Crepis.foetida,30,30
Leaf.width,Crepis.setosa,50,50
Leaf.width,Cymbonotus.lawsonianus,90,90
Leaf.width,Cymbonotus.preissianus,100,100
Leaf.width,Cynodon.dactylon,4,4
Leaf.width,Cynodon.incompletus,3,3
Leaf.width,Cynodon.transvaalensis,1,1
Leaf.width,Cynoglossum.australe,15,15
Leaf.width,Cynoglossum.creticum,35,35
Leaf.width,Cynoglossum.suaveolens,25,25
Leaf.width,Dactylis.glomerata,14,14
Leaf.width,Desmodium.acanthocladum,6,6
Leaf.width,Desmodium.brachypodum,40,40
Leaf.width,Desmodium.campylocaulon,20,20
Leaf.width,Desmodium.gangeticum,60,60
Leaf.width,Desmodium.gunnii,11,11
Leaf.width,Desmodium.heterocarpon,45,45
Leaf.width,Desmodium.intortum,60,60
Leaf.width,Desmodium.nemorosum,35,35
Leaf.width,Desmodium.rhytidophyllum,35,35
Leaf.width,Desmodium.uncinatum,60,60
Leaf.width,Desmodium.varians,20,20
Leaf.width,Dichanthium.annulatum,7,7
Leaf.width,Dichanthium.aristatum,5,5
Leaf.width,Dichanthium.sericeum,4,4
Leaf.width,Dichanthium.setosum,3.5,3.5
Leaf.width,Dichanthium.tenue,3.5,3.5
Leaf.width,Digitaria.aequiglumis,3,3
Leaf.width,Digitaria.ammophila,5,5
Leaf.width,Digitaria.breviglumis,3,3
Leaf.width,Digitaria.brownii,5,5
Leaf.width,Digitaria.ciliaris,10,10
Leaf.width,Digitaria.coenicola,6,6
Leaf.width,Digitaria.didactyla,3,3
Leaf.width,Digitaria.diffusa,5,5
Leaf.width,Digitaria.divaricatissima,6,6
Leaf.width,Digitaria.hubbardii,2,2
Leaf.width,Digitaria.hystrichoides,6,6
Leaf.width,Digitaria.ischaemum,5,5
Leaf.width,Digitaria.leucostachya,5,5
Leaf.width,Digitaria.longiflora,4,4
Leaf.width,Digitaria.orbata,5.5,5.5
Leaf.width,Digitaria.parviflora,5,5
Leaf.width,Digitaria.porrecta,3,3
Leaf.width,Digitaria.ramularis,7,7
Leaf.width,Digitaria.sanguinalis,8,8
Leaf.width,Digitaria.ternata,6,6
Leaf.width,Digitaria.velutina,17,17
Leaf.width,Digitaria.violascens,6,6
Leaf.width,Drosera.auriculata,6,6
Leaf.width,Drosera.burmanni,6,6
Leaf.width,Drosera.capensis,4,4
Leaf.width,Drosera.glanduligera,12,12
Leaf.width,Drosera.pygmaea,2,2
Leaf.width,Drosera.spatulata,6,6
Leaf.width,Echium.italicum,35,35
Leaf.width,Echium.plantagineum,80,80
Leaf.width,Echium.vulgare,15,15
Leaf.width,Eleusine.indica,8,8
Leaf.width,Eleusine.tristachya,4,4
Leaf.width,Enneapogon.nigricans,4,4
Leaf.width,Enneapogon.nigricans.avenaceus,4,4
Leaf.width,Enneapogon.nigricans.cylindricus,3,3
Leaf.width,Enneapogon.nigricans.gracilis,3,3
Leaf.width,Enneapogon.nigricans.intermedius,4,4
Leaf.width,Enneapogon.nigricans.lindleyanus,3,3
Leaf.width,Enneapogon.nigricans.polyphyllus,4,4
Leaf.width,Enneapogon.nigricans.truncatus,2.5,2.5
Leaf.width,Enneapogon.nigricans.virens,4,4
Leaf.width,Epilobium.billardierianum,18,18
Leaf.width,Epilobium.ciliatum,24,24
Leaf.width,Epilobium.curtisiae,9,9
Leaf.width,Epilobium.gunnianum,20,20
Leaf.width,Epilobium.hirsutum,40,40
Leaf.width,Epilobium.hirtigerum,8,8
Leaf.width,Epilobium.pallidiflorum,13,13
Leaf.width,Epilobium.sarmentaceum,15,15
Leaf.width,Epilobium.tasmanicum,5,5
Leaf.width,Eragrostis.alveiformis,3,3
Leaf.width,Eragrostis.australasica,3,3
Leaf.width,Eragrostis.barrelieri,3,3
Leaf.width,Eragrostis.basedowii,3,3
Leaf.width,Eragrostis.benthamii,3,3
Leaf.width,Eragrostis.brownii,1,1
Leaf.width,Eragrostis.cilianensis,7,7
Leaf.width,Eragrostis.curvula,3,3
Leaf.width,Eragrostis.dielsii,2,2
Leaf.width,Eragrostis.elongata,2,2
Leaf.width,Eragrostis.eriopoda,1,1
Leaf.width,Eragrostis.falcata,1,1
Leaf.width,Eragrostis.interrupta,5,5
Leaf.width,Eragrostis.kennedyae,1,1
Leaf.width,Eragrostis.lacunaria,2,2
Leaf.width,Eragrostis.laniflora,2,2
Leaf.width,Eragrostis.leptocarpa,3,3
Leaf.width,Eragrostis.leptostachya,2,2
Leaf.width,Eragrostis.lugens,1,1
Leaf.width,Eragrostis.megalosperma,1,1
Leaf.width,Eragrostis.mexicana,10,10
Leaf.width,Eragrostis.microcarpa,2,2
Leaf.width,Eragrostis.minor,6,6
Leaf.width,Eragrostis.parviflora,3,3
Leaf.width,Eragrostis.pergracilis,1,1
Leaf.width,Eragrostis.pilosa,3,3
Leaf.width,Eragrostis.pubescens,4,4
Leaf.width,Eragrostis.setifolia,2,2
Leaf.width,Eragrostis.sororia,3,3
Leaf.width,Eragrostis.spartinoides,2.5,2.5
Leaf.width,Eragrostis.speciosa,1,1
Leaf.width,Eragrostis.tenellula,4,4
Leaf.width,Eragrostis.tenuifolia,3,3
Leaf.width,Eragrostis.trachycarpa,3,3
Leaf.width,Eragrostis.trichophora,4,4
Leaf.width,Eragrostis.xerophila,3,3
Leaf.width,Erodium.aureum,15,15
Leaf.width,Erodium.botrys,40,40
Leaf.width,Erodium.brachycarpum,30,30
Leaf.width,Erodium.carolinianum,40,40
Leaf.width,Erodium.cicutarium,30,30
Leaf.width,Erodium.crinitum,30,30
Leaf.width,Erodium.malacoides,40,40
Leaf.width,Erodium.moschatum,40,40
Leaf.width,Euchiton.involucratus,10,10
Leaf.width,Euchiton.japonicus,10,10
Leaf.width,Euchiton.limosus,10,10
Leaf.width,Euchiton.sphaericus,14,14
Leaf.width,Euchiton.traversii,5,5
Leaf.width,Euchiton.umbricola,18,18
Leaf.width,Euphorbia.bifida,9,9
Leaf.width,Euphorbia.dallachyana,5,5
Leaf.width,Euphorbia.davidii,20,20
Leaf.width,Euphorbia.drummondii,5,5
Leaf.width,Euphorbia.falcata,5,5
Leaf.width,Euphorbia.hirta,20,20
Leaf.width,Euphorbia.hyssopifolia,10,10
Leaf.width,Euphorbia.lathyris,12,12
Leaf.width,Euphorbia.maculata,4,4
Leaf.width,Euphorbia.marginata,2.5,2.5
Leaf.width,Euphorbia.oblongata,20,20
Leaf.width,Euphorbia.ophthalmica,12,12
Leaf.width,Euphorbia.paralias,15,15
Leaf.width,Euphorbia.planiticola,5,5
Leaf.width,Euphorbia.prostrata,5,5
Leaf.width,Euphorbia.psammogeton,15,15
Leaf.width,Euphorbia.sarcostemmoides,1.5,1.5
Leaf.width,Euphorbia.stevenii,6,6
Leaf.width,Euphorbia.terracina,8,8
Leaf.width,Festuca.arundinacea,10,10
Leaf.width,Festuca.muelleri,8,8
Leaf.width,Festuca.pratensis,5,5
Leaf.width,Galium.aparine,8,8
Leaf.width,Galium.australe,4,4
Leaf.width,Galium.binifolium,3,3
Leaf.width,Galium.bungoniensis,4,4
Leaf.width,Galium.ciliare,4,4
Leaf.width,Galium.gaudichaudii,1.3,1.3
Leaf.width,Galium.leiocarpum,5,5
Leaf.width,Galium.leptogonium,6,6
Leaf.width,Galium.liratum,5,5
Leaf.width,Galium.microlobum,2,2
Leaf.width,Galium.murale,2,2
Leaf.width,Galium.palustre,2,2
Leaf.width,Galium.polyanthum,6,6
Leaf.width,Galium.roddii,1.2,1.2
Leaf.width,Galium.spurium,8,8
Leaf.width,Galium.tricornutum,4,4
Leaf.width,Gamochaeta.americana,20,20
Leaf.width,Gamochaeta.antillana,5,5
Leaf.width,Gamochaeta.calviceps,8,8
Leaf.width,Gamochaeta.coarctata,16,16
Leaf.width,Gamochaeta.pensylvanica,18,18
Leaf.width,Gamochaeta.purpurea,20,20
Leaf.width,Geranium.antrorsum,30,30
Leaf.width,Geranium.dissectum,40,40
Leaf.width,Geranium.graniticola,40,40
Leaf.width,Geranium.homeanum,50,50
Leaf.width,Geranium.molle,40,40
Leaf.width,Geranium.neglectum,5.5,5.5
Leaf.width,Geranium.obtusisepalum,30,30
Leaf.width,Geranium.potentilloides,50,50
Leaf.width,Geranium.purpureum,70,70
Leaf.width,Geranium.retrorsum,30,30
Leaf.width,Geranium.sessiliflorum,30,30
Leaf.width,Geranium.solanderi,50,50
Leaf.width,Glycine.canescens,12,12
Leaf.width,Glycine.clandestina,10,10
Leaf.width,Glycine.cyrtoloba,15,15
Leaf.width,Glycine.latifolia,33,33
Leaf.width,Glycine.microphylla,6,6
Leaf.width,Glycine.pacifica,13,13
Leaf.width,Glycine.rubiginosa,5,5
Leaf.width,Glycine.stenophita,8,8
Leaf.width,Glycine.tabacina,20,20
Leaf.width,Glycine.tomentella,35,35
Leaf.width,Gnaphalium.diamantinense,3,3
Leaf.width,Gnaphalium.indutum,2,2
Leaf.width,Gnaphalium.polycaulon,9,9
Leaf.width,Haloragis.aspera,15,15
Leaf.width,Haloragis.exalata,25,25
Leaf.width,Haloragis.glauca,8,8
Leaf.width,Haloragis.milesiae,42,42
Leaf.width,Haloragis.odontocarpa,15,15
Leaf.width,Haloragis.serra,8,8
Leaf.width,Haloragis.stricta,4,4
Leaf.width,Holcus.lanatus,10,10
Leaf.width,Holcus.mollis,8,8
Leaf.width,Hordeum.distichon,12,12
Leaf.width,Hordeum.glaucum,7,7
Leaf.width,Hordeum.hystrix,3,3
Leaf.width,Hordeum.leporinum,7,7
Leaf.width,Hordeum.marinum,3,3
Leaf.width,Hordeum.vulgare,14,14
Leaf.width,Hydrocotyle.acutiloba,60,60
Leaf.width,Hydrocotyle.algida,18,18
Leaf.width,Hydrocotyle.bonariensis,120,120
Leaf.width,Hydrocotyle.callicarpa,10,10
Leaf.width,Hydrocotyle.digitata,30,30
Leaf.width,Hydrocotyle.foveolata,20,20
Leaf.width,Hydrocotyle.geraniifolia,80,80
Leaf.width,Hydrocotyle.hirta,25,25
Leaf.width,Hydrocotyle.laxiflora,40,40
Leaf.width,Hydrocotyle.pedicellosa,120,120
Leaf.width,Hydrocotyle.pterocarpa,50,50
Leaf.width,Hydrocotyle.rivularis,13,13
Leaf.width,Hydrocotyle.sibthorpioides,12,12
Leaf.width,Hydrocotyle.trachycarpa,40,40
Leaf.width,Hydrocotyle.tripartita,20,20
Leaf.width,Hydrocotyle.verticillata,40,40
Leaf.width,Hypericum.androsaemum,65,65
Leaf.width,Hypericum.bellum,11,11
Leaf.width,Hypericum.calycinum,40,40
Leaf.width,Hypericum.elodes,20,20
Leaf.width,Hypericum.hypericoides,7,7
Leaf.width,Hypericum.kouytchense,20,20
Leaf.width,Hypericum.patulum,30,30
Leaf.width,Hypochaeris.glabra,30,30
Leaf.width,Hypochaeris.microcephala,30,30
Leaf.width,Hypochaeris.radicata,40,40
Leaf.width,Juncus.acuminatus,2.6,2.6
Leaf.width,Juncus.acutiflorus,2.5,2.5
Leaf.width,Juncus.antarcticus,0.5,0.5
Leaf.width,Juncus.articulatus,2,2
Leaf.width,Juncus.bufonius,1.2,1.2
Leaf.width,Juncus.bulbosus,0.7,0.7
Leaf.width,Juncus.caespiticius,2,2
Leaf.width,Juncus.canadensis,3,3
Leaf.width,Juncus.capensis,1.5,1.5
Leaf.width,Juncus.capillaceus,0.6,0.6
Leaf.width,Juncus.capitatus,0.5,0.5
Leaf.width,Juncus.cognatus,1.3,1.3
Leaf.width,Juncus.falcatus,3,3
Leaf.width,Juncus.fockei,2.3,2.3
Leaf.width,Juncus.holoschoenus,2.8,2.8
Leaf.width,Juncus.homalocaulis,0.9,0.9
Leaf.width,Juncus.imbricatus,1,1
Leaf.width,Juncus.microcephalus,3.5,3.5
Leaf.width,Juncus.mollis,27,27
Leaf.width,Juncus.planifolius,11,11
Leaf.width,Juncus.prismatocarpus,3.2,3.2
Leaf.width,Juncus.revolutus,1.2,1.2
Leaf.width,Juncus.sandwithii,0.7,0.7
Leaf.width,Juncus.tenuis,1.5,1.5
Leaf.width,Juncus.thompsonianus,0.5,0.5
Leaf.width,Lactuca.saligna,50,50
Leaf.width,Linaria.arvensis,2,2
Leaf.width,Linaria.incarnata,4,4
Leaf.width,Linaria.nigricans,2,2
Leaf.width,Linaria.pelisseriana,2.5,2.5
Leaf.width,Linaria.vulgaris,4,4
Leaf.width,Lolium.multiflorum,5,5
Leaf.width,Lolium.perenne,5,5
Leaf.width,Lolium.rigidum,6,6
Leaf.width,Lolium.temulentum,0.5,0.5
Leaf.width,Lomandra.bracteata,2,2
Leaf.width,Lomandra.brevis,1,1
Leaf.width,Lomandra.collina,1.5,1.5
Leaf.width,Lomandra.confertifolia,2.5,2.5
Leaf.width,Lomandra.cylindrica,2,2
Leaf.width,Lomandra.effusa,1.3,1.3
Leaf.width,Lomandra.elongata,1,1
Leaf.width,Lomandra.fluviatilis,2.5,2.5
Leaf.width,Lomandra.glauca,1.5,1.5
Leaf.width,Lomandra.gracilis,2,2
Leaf.width,Lomandra.hystrix,10.5,10.5
Leaf.width,Lomandra.laxa,4,4
Leaf.width,Lomandra.leucocephala,2.5,2.5
Leaf.width,Lomandra.longifolia,7.5,7.5
Leaf.width,Lomandra.micrantha,2.5,2.5
Leaf.width,Lomandra.montana,4,4
Leaf.width,Lomandra.multiflora,3,3
Leaf.width,Lomandra.obliqua,2,2
Leaf.width,Lomandra.patens,4.5,4.5
Leaf.width,Lomandra.spicata,12,12
Leaf.width,Lythrum.hyssopifolia,6,6
Leaf.width,Lythrum.paradoxum,10,10
Leaf.width,Lythrum.salicaria,12,12
Leaf.width,Lythrum.wilsonii,5,5
Leaf.width,Malva.neglecta,50,50
Leaf.width,Malva.nicaeensis,80,80
Leaf.width,Malva.parviflora,100,100
Leaf.width,Malva.sylvestris,100,100
Leaf.width,Malva.verticillata,100,100
Leaf.width,Marrubium.vulgare,30,30
Leaf.width,Moenchia.erecta,2.5,2.5
Leaf.width,Myosotis.australis,16,16
Leaf.width,Myosotis.discolor,8,8
Leaf.width,Myosotis.exarrhena,5,5
Leaf.width,Myosotis.sylvatica,30,30
Leaf.width,Nassella.hyalina,4,4
Leaf.width,Nassella.megapotamia,4,4
Leaf.width,Nassella.neesiana,2.5,2.5
Leaf.width,Nassella.tenuissima,0.5,0.5
Leaf.width,Nassella.trichotoma,0.5,0.5
Leaf.width,Orobanche.cernua,5,5
Leaf.width,Orobanche.minor,3,3
Leaf.width,Oxalis.articulata,14,14
Leaf.width,Oxalis.bifurca,0.5,0.5
Leaf.width,Oxalis.bowiei,50,50
Leaf.width,Oxalis.brasiliensis,45,45
Leaf.width,Oxalis.caprae,22,22
Leaf.width,Oxalis.chnoodes,5,5
Leaf.width,Oxalis.corniculata,11,11
Leaf.width,Oxalis.debilis,48,48
Leaf.width,Oxalis.exilis,3,3
Leaf.width,Oxalis.flava,7,7
Leaf.width,Oxalis.incarnata,9,9
Leaf.width,Oxalis.latifolia,22,22
Leaf.width,Oxalis.perdicaria,7,7
Leaf.width,Oxalis.perennans,6,6
Leaf.width,Oxalis.purpurea,30,30
Leaf.width,Oxalis.radicosa,4,4
Leaf.width,Oxalis.rubens,5,5
Leaf.width,Oxalis.thompsoniae,4,4
Leaf.width,Panicum.antidotale,15,15
Leaf.width,Panicum.bisulcatum,13,13
Leaf.width,Panicum.bulbosum,12,12
Leaf.width,Panicum.buncei,6,6
Leaf.width,Panicum.capillare,18,18
Leaf.width,Panicum.coloratum,15,15
Leaf.width,Panicum.decompositum,9.5,9.5
Leaf.width,Panicum.effusum,6,6
Leaf.width,Panicum.gilvum,8,8
Leaf.width,Panicum.lachnophyllum,9,9
Leaf.width,Panicum.laevinode,14,14
Leaf.width,Panicum.miliaceum,25,25
Leaf.width,Panicum.obseptum,4,4
Leaf.width,Panicum.paludosum,20,20
Leaf.width,Panicum.pygmaeum,7,7
Leaf.width,Panicum.queenslandicum,3.5,3.5
Leaf.width,Panicum.racemosum,5,5
Leaf.width,Panicum.repens,6,6
Leaf.width,Panicum.schinzii,10,10
Leaf.width,Panicum.simile,3.5,3.5
Leaf.width,Parentucellia.latifolia,7,7
Leaf.width,Parentucellia.viscosa,12,12
Leaf.width,Paronychia.brasiliana,2,2
Leaf.width,Paronychia.franciscana,2,2
Leaf.width,Paspalum.ciliatifolium,20,20
Leaf.width,Paspalum.conjugatum,13,13
Leaf.width,Paspalum.dilatatum,12,12
Leaf.width,Paspalum.distichum,9,9
Leaf.width,Paspalum.longifolium,9,9
Leaf.width,Paspalum.mandiocanum,20,20
Leaf.width,Paspalum.nicorae,3.5,3.5
Leaf.width,Paspalum.notatum,10,10
Leaf.width,Paspalum.orbiculare,7.5,7.5
Leaf.width,Paspalum.paniculatum,19,19
Leaf.width,Paspalum.quadrifarium,8,8
Leaf.width,Paspalum.regnellii,20,20
Leaf.width,Paspalum.urvillei,15,15
Leaf.width,Paspalum.vaginatum,7,7
Leaf.width,Pentaschistis.airoides,1.5,1.5
Leaf.width,Petrorhagia.dubia,3.5,3.5
Leaf.width,Petrorhagia.nanteuilii,2,2
Leaf.width,Phalaris.angusta,11,11
Leaf.width,Phalaris.aquatica,14,14
Leaf.width,Phalaris.arundinacea,25,25
Leaf.width,Phalaris.canariensis,12,12
Leaf.width,Phalaris.coerulescens,7,7
Leaf.width,Phalaris.minor,13,13
Leaf.width,Phalaris.paradoxa,9,9
Leaf.width,Plantago.alpestris,20,20
Leaf.width,Plantago.antarctica,20,20
Leaf.width,Plantago.cladarophylla,22,22
Leaf.width,Plantago.coronopus,20,20
Leaf.width,Plantago.cunninghamii,15,15
Leaf.width,Plantago.debilis,40,40
Leaf.width,Plantago.drummondii,24,24
Leaf.width,Plantago.euryphylla,40,40
Leaf.width,Plantago.gaudichaudii,22,22
Leaf.width,Plantago.glacialis,18,18
Leaf.width,Plantago.hedleyi,40,40
Leaf.width,Plantago.hispida,12,12
Leaf.width,Plantago.lanceolata,30,30
Leaf.width,Plantago.major,100,100
Leaf.width,Plantago.muelleri,15,15
Leaf.width,Plantago.myosuros,20,20
Leaf.width,Plantago.palustris,10,10
Leaf.width,Plantago.scabra,20,20
Leaf.width,Plantago.turrifera,25,25
Leaf.width,Plantago.varia,20,20
Leaf.width,Poa.annua,5,5
Leaf.width,Poa.bulbosa,2.5,2.5
Leaf.width,Poa.cheelii,4,4
Leaf.width,Poa.clivicola,0.4,0.4
Leaf.width,Poa.compressa,4,4
Leaf.width,Poa.costiniana,1.75,1.75
Leaf.width,Poa.ensiformis,5,5
Leaf.width,Poa.fawcettiae,1,1
Leaf.width,Poa.fax,2.5,2.5
Leaf.width,Poa.fordeana,4,4
Leaf.width,Poa.induta,0.8,0.8
Leaf.width,Poa.infirma,4,4
Leaf.width,Poa.labillardierei,3.5,3.5
Leaf.width,Poa.meionectes,0.3,0.3
Leaf.width,Poa.petrophila,0.7,0.7
Leaf.width,Poa.phillipsiana,1.25,1.25
Leaf.width,Poa.poiformis,1.5,1.5
Leaf.width,Poa.pratensis,6,6
Leaf.width,Poa.queenslandica,15,15
Leaf.width,Poa.saxicola,4,4
Leaf.width,Poa.sieberiana,0.7,0.7
Leaf.width,Poa.tenera,1.5,1.5
Leaf.width,Poa.trivialis,6,6
Leaf.width,Pseudognaphalium.luteoalbum,5,5
Leaf.width,Rosa.bracteata,20,20
Leaf.width,Rosa.canina,20,20
Leaf.width,Rosa.laevigata,20,20
Leaf.width,Rosa.roxburghii,20,20
Leaf.width,Rosa.rubiginosa,15,15
Leaf.width,Rumex.bidens,25,25
Leaf.width,Rumex.brownii,40,40
Leaf.width,Rumex.conglomeratus,30,30
Leaf.width,Rumex.crispus,60,60
Leaf.width,Rumex.crystallinus,8,8
Leaf.width,Rumex.dumosus,25,25
Leaf.width,Rumex.obtusifolius,100,100
Leaf.width,Rumex.pulcher,60,60
Leaf.width,Rumex.stenoglottis,12,12
Leaf.width,Rumex.tenax,5,5
Leaf.width,Rytidosperma.caespitosum,2,2
Leaf.width,Rytidosperma.duttonianum,3.5,3.5
Leaf.width,Rytidosperma.indutum,4,4
Leaf.width,Rytidosperma.oreophilum,2,2
Leaf.width,Rytidosperma.richardsonii,2.5,2.5
Leaf.width,Rytidosperma.tenuius,3,3
Leaf.width,Rytidosperma.unarede,3.5,3.5
Leaf.width,Rytidosperma.vickeryae,2,2
Leaf.width,Salvia.aethiopis,120,120
Leaf.width,Salvia.coccinea,35,35
Leaf.width,Salvia.leucantha,20,20
Leaf.width,Salvia.microphylla,20,20
Leaf.width,Salvia.plebeia,20,20
Leaf.width,Salvia.reflexa,12,12
Leaf.width,Salvia.splendens,60,60
Leaf.width,Salvia.verbenaca,80,80
Leaf.width,Secale.cereale,13,13
Leaf.width,Senecio.amygdalifolius,30,30
Leaf.width,Senecio.anethifolius,60,60
Leaf.width,Senecio.angulatus,50,50
Leaf.width,Senecio.bathurstianus,30,30
Leaf.width,Senecio.behrianus,2,2
Leaf.width,Senecio.bipinnatisectus,60,60
Leaf.width,Senecio.biserratus,45,45
Leaf.width,Senecio.crassiflorus,20,20
Leaf.width,Senecio.cunninghamii,20,20
Leaf.width,Senecio.daltonii,15,15
Leaf.width,Senecio.diaschides,25,25
Leaf.width,Senecio.elegans,50,50
Leaf.width,Senecio.garlandii,80,80
Leaf.width,Senecio.glastifolius,25,25
Leaf.width,Senecio.glomeratus,15,15
Leaf.width,Senecio.glossanthus,10,10
Leaf.width,Senecio.gregorii,5,5
Leaf.width,Senecio.gunnii,25,25
Leaf.width,Senecio.hispidulus,30,30
Leaf.width,Senecio.howeanus,12,12
Leaf.width,Senecio.jacobaea,60,60
Leaf.width,Senecio.leptocarpus,10,10
Leaf.width,Senecio.linearifolius,15,15
Leaf.width,Senecio.macranthus,15,15
Leaf.width,Senecio.madagascariensis,10,10
Leaf.width,Senecio.magnificus,30,30
Leaf.width,Senecio.minimus,30,30
Leaf.width,Senecio.pauciradiatus,10,10
Leaf.width,Senecio.pectinatus,15,15
Leaf.width,Senecio.platylepis,20,20
Leaf.width,Senecio.prenanthoides,12,12
Leaf.width,Senecio.pterophorus,15,15
Leaf.width,Senecio.quadridentatus,5,5
Leaf.width,Senecio.runcinifolius,40,40
Leaf.width,Senecio.tamoides,50,50
Leaf.width,Senecio.tenuiflorus,15,15
Leaf.width,Senecio.tuberculatus,30,30
Leaf.width,Senecio.vagus,70,70
Leaf.width,Senecio.velleioides,40,40
Leaf.width,Senecio.vulgaris,30,30
Leaf.width,Setaria.australiensis,20,20
Leaf.width,Setaria.incrassata,14,14
Leaf.width,Setaria.italica,120,120
Leaf.width,Setaria.palmifolia,120,120
Leaf.width,Setaria.parviflora,8,8
Leaf.width,Setaria.paspalidioides,9,9
Leaf.width,Setaria.poiretiana,100,100
Leaf.width,Setaria.pumila,10,10
Leaf.width,Setaria.sphacelata,6,6
Leaf.width,Setaria.surgens,4,4
Leaf.width,Setaria.verticillata,12,12
Leaf.width,Setaria.viridis,10,10
Leaf.width,Silene.apetala,5,5
Leaf.width,Silene.chalcedonica,10,10
Leaf.width,Silene.coronaria,20,20
Leaf.width,Silene.dioica,30,30
Leaf.width,Silene.gallica,10,10
Leaf.width,Silene.latifolia,30,30
Leaf.width,Silene.noctiflora,40,40
Leaf.width,Silene.nocturna,10,10
Leaf.width,Silene.tridentata,10,10
Leaf.width,Silene.uniflora,7,7
Leaf.width,Silene.vulgaris,10,10
Leaf.width,Soliva.anthemifolia,40,40
Leaf.width,Soliva.sessilis,15,15
Leaf.width,Soliva.stolonifera,10,10
Leaf.width,Sonchus.asper,70,70
Leaf.width,Sonchus.hydrophilus,30,30
Leaf.width,Sonchus.oleraceus,120,120
Leaf.width,Stuartina.hamata,12,12
Leaf.width,Stuartina.muelleri,12,12
Leaf.width,Taraxacum.officinale,100,100
Leaf.width,Themeda.avenacea,1.5,1.5
Leaf.width,Themeda.quadrivalvis,13,13
Leaf.width,Themeda.triandra,5,5
Leaf.width,Tragopogon.dubius,10,10
Leaf.width,Tragopogon.porrifolius,15,15
Leaf.width,Tricoryne.anceps,4,4
Leaf.width,Tricoryne.elatior,3.5,3.5
Leaf.width,Tricoryne.simplex,5,5
Leaf.width,Trifolium.alexandrinum,15,15
Leaf.width,Trifolium.ambiguum,30,30
Leaf.width,Trifolium.angustifolium,4,4
Leaf.width,Trifolium.arvense,4,4
Leaf.width,Trifolium.campestre,8,8
Leaf.width,Trifolium.cernuum,1,1
Leaf.width,Trifolium.dubium,7,7
Leaf.width,Trifolium.fragiferum,15,15
Leaf.width,Trifolium.globosum,15,15
Leaf.width,Trifolium.glomeratum,1,1
Leaf.width,Trifolium.hirtum,1,1
Leaf.width,Trifolium.hybridum,18,18
Leaf.width,Trifolium.incarnatum,15,15
Leaf.width,Trifolium.ornithopodioides,8,8
Leaf.width,Trifolium.pratense,15,15
Leaf.width,Trifolium.repens,15,15
Leaf.width,Trifolium.resupinatum,21,21
Leaf.width,Trifolium.scabrum,6,6
Leaf.width,Trifolium.striatum,12.5,12.5
Leaf.width,Trifolium.subterraneum,20,20
Leaf.width,Trifolium.suffocatum,6,6
Leaf.width,Trifolium.tomentosum,9,9
Leaf.width,Trifolium.vesiculosum,15,15
Leaf.width,Triptilodiscus.pygmaeus,4,4
Leaf.width,Verbascum.blattaria,40,40
Leaf.width,Verbascum.sinuatum,150,150
Leaf.width,Verbascum.thapsus,140,140
Leaf.width,Verbascum.virgatum,100,100
Leaf.width,Vittadinia.arida,8,8
Leaf.width,Vittadinia.blackii,1,1
Leaf.width,Vittadinia.cervicularis,10,10
Leaf.width,Vittadinia.condyloides,4,4
Leaf.width,Vittadinia.cuneata,5,5
Leaf.width,Vittadinia.dissecta,20,20
Leaf.width,Vittadinia.eremaea,10,10
Leaf.width,Vittadinia.gracilis,7,7
Leaf.width,Vittadinia.hispidula,10,10
Leaf.width,Vittadinia.pterochaeta,8,8
Leaf.width,Vittadinia.pustulata,7,7
Leaf.width,Vittadinia.sulcata,2.4,2.4
Leaf.width,Vittadinia.tenuissima,0.5,0.5
Leaf.width,Vulpia.bromoides,2,2
Leaf.width,Vulpia.ciliata,2,2
Leaf.width,Wahlenbergia.aridicola,6,6
Leaf.width,Wahlenbergia.ceracea,10,10
Leaf.width,Wahlenbergia.communis,6,6
Leaf.width,Wahlenbergia.densifolia,2,2
Leaf.width,Wahlenbergia.fluminalis,5,5
Leaf.width,Wahlenbergia.glabra,4,4
Leaf.width,Wahlenbergia.gloriosa,15,15
Leaf.width,Wahlenbergia.gracilenta,11,11
Leaf.width,Wahlenbergia.gracilis,10,10
Leaf.width,Wahlenbergia.graniticola,15,15
Leaf.width,Wahlenbergia.insulae-howei,6,6
Leaf.width,Wahlenbergia.littoricola,4,4
Leaf.width,Wahlenbergia.luteola,4,4
Leaf.width,Wahlenbergia.multicaulis,6,6
Leaf.width,Wahlenbergia.planiflora,11,11
Leaf.width,Wahlenbergia.queenslandica,9,9
Leaf.width,Wahlenbergia.scopulicola,5,5
Leaf.width,Wahlenbergia.stricta,13,13
Leaf.width,Wahlenbergia.tumidifructa,12,12
Leaf.width,Wahlenbergia.victoriensis,7,7
Leaf.width,Wurmbea.biglandulosa,2.5,2.5
Leaf.width,Wurmbea.citrina,15,15
Leaf.width,Wurmbea.dioica,4,4
Leaf.width,Wurmbea.latifolia,2,2
Leaf.width,Wurmbea.uniflora,2,2
Max.height,Acaena.agnipila,0.5866666666666667,0.636
Max.height,Acaena.anserovina,0.4,0.4
Max.height,Acaena.echinata,0.4,0.4
Max.height,Acetosella.vulgaris,0.45856410256410257,0.58
Max.height,Aira elegantissima,0.3,0.3
Max.height,Aira.caryophyllea,0.19208333333333333,0.3
Max.height,Aira.cupaniana,0.25625,0.44000000000000006
Max.height,Aira.elegantissima,0.28,0.41999999999999993
Max.height,Aira.praecox,0.2,0.2
Max.height,Aira.provincialis,0.5,0.5
Max.height,Aira.sp,0.26125,0.361
Max.height,Anagallis arvensis,0.2,0.2
Max.height,Anagallis.arvensis,0.15384615384615385,0.2800000000000001
Max.height,Anthosachne.scabra,1.5,1.5
Max.height,Anthoscachne.fertilis,1,1
Max.height,Anthoscachne.multiflora,0.7,0.7
Max.height,Anthoscachne.plurinervis,0.8,0.8
Max.height,Aphanes.arvensis,0.15,0.15
Max.height,Aphanes.australiana,0.1,0.1
Max.height,Aphanes.inexspectata,0.08,0.08
Max.height,Arctotheca.calendula,0.3,0.3
Max.height,Arctotheca.populifolia,0.3,0.3
Max.height,Arenaria.leptoclados,0.125,0.185
Max.height,Arenaria.serpyllifolia,0.3,0.3
Max.height,Aristida.acuta,1.25,1.25
Max.height,Aristida.anthoxanthoides,0.5,0.5
Max.height,Aristida.behriana,0.4,0.4
Max.height,Aristida.benthamii,1,1
Max.height,Aristida.blakei,1,1
Max.height,Aristida.calycina,2,2
Max.height,Aristida.caput-medusae,1,1
Max.height,Aristida.contorta,0.5,0.5
Max.height,Aristida.echinata,1.2,1.2
Max.height,Aristida.gracilipes,1.2,1.2
Max.height,Aristida.helicophylla,1.5,1.5
Max.height,Aristida.holathera,0.6,0.6
Max.height,Aristida.jerichoensis,0.9,0.9
Max.height,Aristida.latifolia,1,1
Max.height,Aristida.leichhardtiana,0.5,0.5
Max.height,Aristida.leptopoda,0.7,0.7
Max.height,Aristida.lignosa,2,2
Max.height,Aristida.longicollis,0.8,0.8
Max.height,Aristida.muricata,1,1
Max.height,Aristida.obscura,0.5,0.5
Max.height,Aristida.personata,1.2,1.2
Max.height,Aristida.platychaeta,0.5,0.5
Max.height,Aristida.psammophila,1.2,1.2
Max.height,Aristida.queenslandica,1.1,1.1
Max.height,Aristida.ramosa,1.2,1.2
Max.height,Aristida.spuria,0.6,0.6
Max.height,Aristida.vagans,0.8,0.8
Max.height,Aristida.vickeryae,0.5,0.5
Max.height,Aristida.warburgii,1.2,1.2
Max.height,Austrostipa.acrociliata,1.5,1.5
Max.height,Austrostipa.aristiglumis,2,2
Max.height,Austrostipa.bigeniculata,0.7152884615384616,1.149
Max.height,Austrostipa.blackii,1,1
Max.height,Austrostipa.densiflora,1.5,1.5
Max.height,Austrostipa.drummondii,1,1
Max.height,Austrostipa.elegantissima,1,1
Max.height,Austrostipa.eremophila,0.9,0.9
Max.height,Austrostipa.flavescens,1.2,1.2
Max.height,Austrostipa.gibbosa,1.5,1.5
Max.height,Austrostipa.mollis,1,1
Max.height,Austrostipa.nitida,0.8,0.8
Max.height,Austrostipa.nivicola,0.5,0.5
Max.height,Austrostipa.nodosa,1,1
Max.height,Austrostipa.platychaeta,2,2
Max.height,Austrostipa.puberula,0.8,0.8
Max.height,Austrostipa.pubescens,1.5,1.5
Max.height,Austrostipa.pubinodis,1,1
Max.height,Austrostipa.ramosissima,2.5,2.5
Max.height,Austrostipa.rudis,1.2,1.2
Max.height,Austrostipa.scabra,0.5231428571428571,0.8220000000000001
Max.height,Austrostipa.semibarbata,1,1
Max.height,Austrostipa.setacea,0.8,0.8
Max.height,Austrostipa.stipoides,1.2,1.2
Max.height,Austrostipa.stuposa,1,1
Max.height,Austrostipa.trichophylla,0.6,0.6
Max.height,Austrostipa.tuckeri,0.5,0.5
Max.height,Austrostipa.verticillata,2,2
Max.height,Avena fatua,4,4
Max.height,Avena.barbata,1.1593408978846154,1.55
Max.height,Avena.byzantina,1.5,1.5
Max.height,Avena.fatua,1.4228048780487805,1.7
Max.height,Avena.ludoviciana,1.5,1.5
Max.height,Avena.sativa,1.0421142857142858,1.5
Max.height,Avena.sterilis,1.5,1.5
Max.height,Avena.strigosa,1.2,1.2
Max.height,Bothriochloa.bladhii,1,1
Max.height,Bothriochloa.decipiens,1,1
Max.height,Bothriochloa.erianthoides,1,1
Max.height,Bothriochloa.ewartiana,0.7,0.7
Max.height,Bothriochloa.insculpta,0.8,0.8
Max.height,Bothriochloa.macra,0.30344736842105263,0.5660000000000001
Max.height,Brachyscome.abercrombiensis,0.3,0.3
Max.height,Brachyscome.aculeata,0.6,0.6
Max.height,Brachyscome.ascendens,0.35,0.35
Max.height,Brachyscome.barkerae,0.2,0.2
Max.height,Brachyscome.brownii,0.3,0.3
Max.height,Brachyscome.casstiana,0.45,0.45
Max.height,Brachyscome.chrysoglossa,0.4,0.4
Max.height,Brachyscome.ciliaris,0.45,0.45
Max.height,Brachyscome.curvicarpa,0.41,0.41
Max.height,Brachyscome.dalbyensis,0.3,0.3
Max.height,Brachyscome.debilis,0.12,0.12
Max.height,Brachyscome.decipiens,0.2,0.2
Max.height,Brachyscome.dentata,0.5,0.5
Max.height,Brachyscome.dissectifolia,0.17,0.17
Max.height,Brachyscome.diversifolia,0.45,0.45
Max.height,Brachyscome.eriogona,0.25,0.25
Max.height,Brachyscome.exilis,0.18,0.18
Max.height,Brachyscome.formosa,0.15,0.15
Max.height,Brachyscome.goniocarpa,0.23,0.23
Max.height,Brachyscome.gracilis,0.1,0.1
Max.height,Brachyscome.graminea,0.7,0.7
Max.height,Brachyscome.lineariloba,0.15,0.15
Max.height,Brachyscome.melanocarpa,0.45,0.45
Max.height,Brachyscome.microcarpa,0.58,0.58
Max.height,Brachyscome.mittagongensis,0.5,0.5
Max.height,Brachyscome.muelleroides,0.14,0.14
Max.height,Brachyscome.multifida,0.45,0.45
Max.height,Brachyscome.nivalis,0.3,0.3
Max.height,Brachyscome.nodosa,0.3,0.3
Max.height,Brachyscome.nova-anglica,0.35,0.35
Max.height,Brachyscome.obovata,0.45,0.45
Max.height,Brachyscome.paludicola,0.6,0.6
Max.height,Brachyscome.papillosa,0.36,0.36
Max.height,Brachyscome.procumbens,0.45,0.45
Max.height,Brachyscome.ptychocarpa,0.16,0.16
Max.height,Brachyscome.radicans,0.3,0.3
Max.height,Brachyscome.readeri,0.13,0.13
Max.height,Brachyscome.rigidula,0.36,0.36
Max.height,Brachyscome.scapigera,0.4,0.4
Max.height,Brachyscome.smithwhitei,0.4,0.4
Max.height,Brachyscome.staceae,0.21,0.21
Max.height,Brachyscome.stuartii,0.25,0.25
Max.height,Brachyscome.tadgellii,0.2,0.2
Max.height,Brachyscome.tenuiscapa,0.26,0.26
Max.height,Brachyscome.trachycarpa,0.4,0.4
Max.height,Brachyscome.watanabei,0.22,0.22
Max.height,Brachyscome.whitei,0.3,0.3
Max.height,Briza.maxima,0.6,0.6
Max.height,Briza.minor,0.4375,0.585
Max.height,Briza.subaristata,0.8,0.8
Max.height,Bromus catharticus,3,3
Max.height,Bromus hordeaceus,0.096,0.096
Max.height,Bromus rubens,0.75,1.19
Max.height,Bromus.alopecuros,0.6,0.6
Max.height,Bromus.arenarius,0.8,0.8
Max.height,Bromus.brevis,0.6,0.6
Max.height,Bromus.catharticus,0.74288,1
Max.height,Bromus.diandrus,0.7430292056,1
Max.height,Bromus.hordeaceus,0.46542641509433963,0.7890000000000003
Max.height,Bromus.madritensis,0.6,0.6
Max.height,Bromus.molliformis,0.9,0.9
Max.height,Bromus.racemosus,1.1,1.1
Max.height,Bromus.rubens,0.37544571428571427,0.494
Max.height,Bromus.secalinus,1,1
Max.height,Bromus.sterilis,0.5,0.5
Max.height,Bromus.tectorum,0.6,0.6
Max.height,Bulbine.alata,0.45,0.45
Max.height,Bulbine.bulbosa,0.4,0.4
Max.height,Bulbine.glauca,1.1,1.1
Max.height,Bulbine.semibarbata,0.5,0.5
Max.height,Bulbine.vagans,0.6,0.6
Max.height,Carduus.nutans,0.7666666666666667,1.18
Max.height,Carduus.pycnocephalus,0.8,0.8
Max.height,Carduus.tenuiflorus,1.5,1.5
Max.height,Carex.appressa,1.2,1.2
Max.height,Carex.archeri,0.25,0.25
Max.height,Carex.arenaria,0.9,0.9
Max.height,Carex.bichenoviana,0.6,0.6
Max.height,Carex.blakei,0.1,0.1
Max.height,Carex.breviculmis,0.35,0.35
Max.height,Carex.brownii,1,1
Max.height,Carex.brunnea,0.8,0.8
Max.height,Carex.buxbaumii,0.7,0.7
Max.height,Carex.canescens,0.3,0.3
Max.height,Carex.capillacea,0.15,0.15
Max.height,Carex.cephalotes,0.2,0.2
Max.height,Carex.chlorantha,0.35,0.35
Max.height,Carex.declinata,1.2,1.2
Max.height,Carex.disticha,1,1
Max.height,Carex.divulsa,0.75,0.75
Max.height,Carex.echinata,0.3,0.3
Max.height,Carex.fascicularis,1,1
Max.height,Carex.gaudichaudiana,0.9,0.9
Max.height,Carex.hebes,0.2,0.2
Max.height,Carex.hubbardii,0.5,0.5
Max.height,Carex.hypandra,0.35,0.35
Max.height,Carex.incomitata,0.9,0.9
Max.height,Carex.inversa,0.43285714285714283,0.54
Max.height,Carex.iynx,1,1
Max.height,Carex.jackiana,0.3,0.3
Max.height,Carex.klaphakei,1.6,1.6
Max.height,Carex.leporina,0.6,0.6
Max.height,Carex.lobolepis,0.9,0.9
Max.height,Carex.longebrachiata,0.8,0.8
Max.height,Carex.lophocarpa,1,1
Max.height,Carex.maculata,0.4,0.4
Max.height,Carex.polyantha,0.8,0.8
Max.height,Carex.pumila,0.5,0.5
Max.height,Carex.raleighii,0.4,0.4
Max.height,Carex.tereticaulis,1.2,1.2
Max.height,Carthamus.dentatus,0.4,0.4
Max.height,Carthamus.lanatus,0.65,0.95
Max.height,Carthamus.tinctorius,0.6,0.6
Max.height,Centaurium.erythraea,0.21583333333333335,0.5
Max.height,Centaurium.tenuifolia,0.4,0.4
Max.height,Cerastium glomeratum,0.059,0.059
Max.height,Cerastium.glomeratum,0.24864705882352942,0.4302
Max.height,Cheilanthes.austrotenuifolia,0.3,0.3
Max.height,Cheilanthes.distans,0.3,0.3
Max.height,Cheilanthes.lasiophylla,0.24,0.24
Max.height,Cheilanthes.sieberi,1.25,1.25
Max.height,Chenopodium.pumilio,0.5,0.74
Max.height,Chloris.divaricata,0.2,0.2
Max.height,Chloris.gayana,1.2,1.2
Max.height,Chloris.pectinata,1.4,1.4
Max.height,Chloris.truncata,0.475,0.495
Max.height,Chloris.ventricosa,1,1
Max.height,Chloris.virgata,1.2,1.2
Max.height,Chondrilla juncea,1,1
Max.height,Chondrilla.juncea,0.588,0.97
Max.height,Cicendia.filiformis,0.15,0.15
Max.height,Cicendia.quadrangularis,0.08,0.08
Max.height,Cirsium.arvense,1,1
Max.height,Cirsium.vulgare,1.2166666666666666,1.98
Max.height,Convolvulus.erubescens,0.28363636363636363,0.47
Max.height,Conyza.bilbaoana,2,2
Max.height,Conyza.bonariensis,0.53,1
Max.height,Conyza.canadensis,1.5,1.5
Max.height,Conyza.leucantha,2,2
Max.height,Conyza.parva,0.5,0.5
Max.height,Conyza.primulifolia,0.8,0.8
Max.height,Conyza.sumatrensis,2,2
Max.height,Cotula.australis,0.1,0.1
Max.height,Cotula.bipinnata,0.1,0.1
Max.height,Cotula.coronopifolia,0.2,0.2
Max.height,Crassula.colorata,0.15,0.15
Max.height,Crassula.decumbens,0.1,0.1
Max.height,Crassula.helmsii,0.12,0.12
Max.height,Crassula.multicava,0.4,0.4
Max.height,Crassula.peduncularis,0.06,0.06
Max.height,Crassula.sarmentosa,0.8,0.8
Max.height,Crassula.sieberiana,0.2,0.2
Max.height,Crassula.tetragona,0.5,0.5
Max.height,Crepis.capillaris,0.75,0.75
Max.height,Crepis.foetida,0.5,0.5
Max.height,Crepis.setosa,0.8,0.8
Max.height,Cymbonotus.lawsonianus,0.3,0.3
Max.height,Cymbonotus.maidenii,0.4,0.4
Max.height,Cynodon dactylon,1.4,1.4
Max.height,Cynodon.dactylon,0.25056,0.4
Max.height,Cynodon.incompletus,0.3,0.3
Max.height,Cynodon.transvaalensis,0.1,0.1
Max.height,Cynoglossum.australe,0.75,0.75
Max.height,Cynoglossum.creticum,0.7,0.7
Max.height,Cynoglossum.suaveolens,0.308,0.45199999999999996
Max.height,Dactylis glomerata,1.925,2.7849999999999997
Max.height,Dactylis.glomerata,1.4,1.4
Max.height,Daucus.carota,1.5,1.5
Max.height,Daucus.glochidiatus,0.4,0.5599999999999999
Max.height,Desmodium.acanthocladum,1,1
Max.height,Desmodium.brachypodum,0.6,0.6
Max.height,Desmodium.campylocaulon,1,1
Max.height,Desmodium.gangeticum,2,2
Max.height,Desmodium.gunnii,0.4,0.4
Max.height,Desmodium.heterocarpon,1.8,1.8
Max.height,Desmodium.intortum,1.5,1.5
Max.height,Desmodium.nemorosum,1,1
Max.height,Desmodium.rhytidophyllum,1,1
Max.height,Desmodium.uncinatum,1.5,1.5
Max.height,Desmodium.varians,0.30214285714285716,0.452
Max.height,Dichanthium.annulatum,1,1
Max.height,Dichanthium.aristatum,1,1
Max.height,Dichanthium.sericeum,1.2,1.2
Max.height,Dichanthium.setosum,1,1
Max.height,Dichanthium.tenue,1,1
Max.height,Digitaria.aequiglumis,0.7,0.7
Max.height,Digitaria.ammophila,0.8,0.8
Max.height,Digitaria.breviglumis,0.7,0.7
Max.height,Digitaria.brownii,0.7,0.78
Max.height,Digitaria.ciliaris,1,1
Max.height,Digitaria.coenicola,0.8,0.8
Max.height,Digitaria.didactyla,0.4,0.4
Max.height,Digitaria.diffusa,0.7,0.7
Max.height,Digitaria.divaricatissima,0.8,0.8
Max.height,Digitaria.hubbardii,0.4,0.4
Max.height,Digitaria.hystrichoides,0.8,0.8
Max.height,Digitaria.ischaemum,0.4,0.4
Max.height,Digitaria.leucostachya,1,1
Max.height,Digitaria.longiflora,0.7,0.7
Max.height,Digitaria.orbata,0.9,0.9
Max.height,Digitaria.parviflora,1.5,1.5
Max.height,Digitaria.porrecta,0.6,0.6
Max.height,Digitaria.ramularis,1,1
Max.height,Digitaria.sanguinalis,1,1
Max.height,Digitaria.ternata,0.5,0.5
Max.height,Digitaria.velutina,0.8,0.8
Max.height,Digitaria.violascens,0.6,0.6
Max.height,Drosera.arcturi,0.1,0.1
Max.height,Drosera.auriculata,0.2,0.2
Max.height,Drosera.binata,0.3,0.3
Max.height,Drosera.burmanni,0.15,0.15
Max.height,Drosera.capensis,0.15,0.15
Max.height,Drosera.glanduligera,0.05,0.05
Max.height,Drosera.indica,0.5,0.5
Max.height,Drosera.peltata,0.5,0.5
Max.height,Drosera.pygmaea,0.045,0.045
Max.height,Echium plantagineum,0.017,0.017
Max.height,Echium.italicum,0.8,0.8
Max.height,Echium.plantagineum,0.49583333333333335,0.6630000000000001
Max.height,Echium.vulgare,0.9,0.9
Max.height,Eleusine.indica,0.8,0.8
Max.height,Eleusine.tristachya,0.4,0.4
Max.height,Enneapogon.nigricans,0.5,0.5
Max.height,Enneapogon.nigricans.avenaceus,0.5,0.5
Max.height,Enneapogon.nigricans.cylindricus,0.5,0.5
Max.height,Enneapogon.nigricans.gracilis,0.7,0.7
Max.height,Enneapogon.nigricans.intermedius,0.7,0.7
Max.height,Enneapogon.nigricans.lindleyanus,0.5,0.5
Max.height,Enneapogon.nigricans.polyphyllus,0.6,0.6
Max.height,Enneapogon.nigricans.truncatus,0.6,0.6
Max.height,Enneapogon.nigricans.virens,0.6,0.6
Max.height,Epilobium.billardierianum,1,1
Max.height,Epilobium.ciliatum,2,2
Max.height,Epilobium.curtisiae,0.15,0.15
Max.height,Epilobium.gunnianum,0.8,0.8
Max.height,Epilobium.hirsutum,1.5,1.5
Max.height,Epilobium.hirtigerum,1,1
Max.height,Epilobium.pallidiflorum,1,1
Max.height,Epilobium.sarmentaceum,0.4,0.4
Max.height,Epilobium.tasmanicum,0.15,0.15
Max.height,Eragrostis curvula,3,3
Max.height,Eragrostis.alveiformis,1,1
Max.height,Eragrostis.australasica,2.4,2.4
Max.height,Eragrostis.barrelieri,0.4,0.4
Max.height,Eragrostis.basedowii,0.3,0.3
Max.height,Eragrostis.benthamii,0.6,0.6
Max.height,Eragrostis.brownii,0.5,0.58
Max.height,Eragrostis.cilianensis,0.6,0.6
Max.height,Eragrostis.curvula,0.6,0.8979999999999999
Max.height,Eragrostis.dielsii,0.4,0.4
Max.height,Eragrostis.elongata,0.8,0.8
Max.height,Eragrostis.eriopoda,0.7,0.7
Max.height,Eragrostis.falcata,0.4,0.4
Max.height,Eragrostis.interrupta,1.5,1.5
Max.height,Eragrostis.kennedyae,0.4,0.4
Max.height,Eragrostis.lacunaria,0.5,0.5
Max.height,Eragrostis.lanicaulis,0.5,0.5
Max.height,Eragrostis.laniflora,0.8,0.8
Max.height,Eragrostis.leptocarpa,1,1
Max.height,Eragrostis.leptostachya,1,1
Max.height,Eragrostis.lugens,0.4,0.4
Max.height,Eragrostis.megalosperma,1.2,1.2
Max.height,Eragrostis.mexicana,1.2,1.2
Max.height,Eragrostis.microcarpa,0.6,0.6
Max.height,Eragrostis.minor,0.6,0.6
Max.height,Eragrostis.parviflora,1.1,1.1
Max.height,Eragrostis.pergracilis,0.3,0.3
Max.height,Eragrostis.pilosa,0.6,0.6
Max.height,Eragrostis.pubescens,1.3,1.3
Max.height,Eragrostis.setifolia,0.6,0.6
Max.height,Eragrostis.sororia,0.7,0.7
Max.height,Eragrostis.spartinoides,0.9,0.9
Max.height,Eragrostis.speciosa,1.2,1.2
Max.height,Eragrostis.tenellula,0.5,0.5
Max.height,Eragrostis.tenuifolia,0.7,0.7
Max.height,Eragrostis.trachycarpa,0.8,0.8
Max.height,Eragrostis.trichophora,1,1
Max.height,Eragrostis.xerophila,0.5,0.5
Max.height,Erodium botrys,0.8,0.8
Max.height,Erodium cicutarium,0.055,0.055
Max.height,Erodium.aureum,0.2,0.2
Max.height,Erodium.botrys,0.32192,0.384384
Max.height,Erodium.brachycarpum,0.3,0.3
Max.height,Erodium.carolinianum,0.6,0.6
Max.height,Erodium.cicutarium,0.3125,0.6
Max.height,Erodium.crinitum,0.7,0.86
Max.height,Erodium.malacoides,0.5,0.5
Max.height,Erodium.moschatum,0.4,0.4
Max.height,Euchiton.involucratus,0.5,0.5
Max.height,Euchiton.japonicus,0.35,0.35
Max.height,Euchiton.limosus,0.5,0.5
Max.height,Euchiton.sphaericus,0.5,0.5
Max.height,Euchiton.traversii,0.1,0.1
Max.height,Euchiton.umbricola,0.15,0.15
Max.height,Euphorbia.australis,0.6,0.6
Max.height,Euphorbia.bifida,0.3,0.3
Max.height,Euphorbia.cyathophora,0.7,0.7
Max.height,Euphorbia.dallachyana,0.2,0.2
Max.height,Euphorbia.davidii,0.5,0.5
Max.height,Euphorbia.drummondii,0.2,0.2
Max.height,Euphorbia.falcata,0.3,0.3
Max.height,Euphorbia.helioscopia,0.5,0.5
Max.height,Euphorbia.hirta,0.4,0.4
Max.height,Euphorbia.hyssopifolia,0.6,0.6
Max.height,Euphorbia.lathyris,1,1
Max.height,Euphorbia.maculata,0.3,0.3
Max.height,Euphorbia.marginata,0.7,0.7
Max.height,Euphorbia.oblongata,0.8,0.8
Max.height,Euphorbia.paralias,0.7,0.7
Max.height,Euphorbia.parvicaruncula,0.5,0.5
Max.height,Euphorbia.peplus,0.4,0.4
Max.height,Euphorbia.planiticola,0.5,0.5
Max.height,Euphorbia.prostrata,0.2,0.2
Max.height,Euphorbia.sarcostemmoides,2,2
Max.height,Euphorbia.stevenii,0.6,0.6
Max.height,Euphorbia.terracina,0.8,0.8
Max.height,Euphorbia.wheeleri,0.3,0.3
Max.height,Festuca.arundinacea,1.2,1.2
Max.height,Festuca.asperula,0.9,0.9
Max.height,Festuca.muelleri,1.4,1.4
Max.height,Festuca.nigrescens,0.9,0.9
Max.height,Festuca.pratensis,1.4,1.4
Max.height,Festuca.rubra,0.5,0.5
Max.height,Galium.australe,0.6,0.6
Max.height,Galium.binifolium,0.5,0.5
Max.height,Galium.ciliare,0.4,0.4
Max.height,Galium.divaricatum,0.3,0.3
Max.height,Galium.gaudichaudii,0.3,0.3
Max.height,Galium.liratum,0.3,0.3
Max.height,Galium.murale,0.12,0.12
Max.height,Galium.palustre,0.7,0.7
Max.height,Galium.roddii,0.3,0.3
Max.height,Galium.spurium,0.3,0.3
Max.height,Gamochaeta.americana,0.35,0.35
Max.height,Gamochaeta.antillana,0.4,0.4
Max.height,Gamochaeta.calviceps,0.2,0.2
Max.height,Gamochaeta.coarctata,0.4,0.4
Max.height,Gamochaeta.pensylvanica,0.5,0.5
Max.height,Gamochaeta.purpurea,0.35,0.35
Max.height,Geranium.potentilloides,0.5,0.5
Max.height,Geranium.purpureum,0.4,0.4
Max.height,Geranium.robertianum,0.4,0.4
Max.height,Geranium.sessiliflorum,0.15,0.15
Max.height,Geranium.solanderi,0.10333333333333333,0.118
Max.height,Gnaphalium.diamantinense,0.12,0.12
Max.height,Gnaphalium.indutum,0.1,0.1
Max.height,Gnaphalium.polycaulon,0.15,0.15
Max.height,Haloragis.aspera,0.3,0.3
Max.height,Haloragis.exalata,1.5,1.5
Max.height,Haloragis.glauca,0.4,0.4
Max.height,Haloragis.heterophylla,0.5,0.5
Max.height,Haloragis.milesiae,1.2,1.2
Max.height,Haloragis.odontocarpa,0.5,0.5
Max.height,Haloragis.serra,0.6,0.6
Max.height,Haloragis.stricta,0.5,0.5
Max.height,Hirschfeldia.incana,0.7336111111111111,1.135
Max.height,Holcus lanatus,3.3,3.3
Max.height,Holcus.lanatus,0.6282853846153846,1.2669999999999997
Max.height,Holcus.mollis,1,1
Max.height,Hordeum.distichon,1,1
Max.height,Hordeum.glaucum,0.4,0.4
Max.height,Hordeum.hystrix,0.4,0.4
Max.height,Hordeum.leporinum,0.325,0.425
Max.height,Hordeum.marinum,0.3,0.3
Max.height,Hordeum.vulgare,1,1
Max.height,Hydrocotyle.callicarpa,0.08,0.08
Max.height,Hydrocotyle.foveolata,0.1,0.1
Max.height,Hydrocotyle.laxiflora,0.15,0.15
Max.height,Hydrocotyle.trachycarpa,0.2,0.2
Max.height,Hydrocotyle.tripartita,0.1,0.1
Max.height,Hypericum.androsaemum,0.7,0.7
Max.height,Hypericum.bellum,1.5,1.5
Max.height,Hypericum.calycinum,0.8,0.8
Max.height,Hypericum.elodes,0.3,0.3
Max.height,Hypericum.gramineum,0.4,0.4
Max.height,Hypericum.hypericoides,1.5,1.5
Max.height,Hypericum.japonicum,0.2,0.2
Max.height,Hypericum.kouytchense,1.5,1.5
Max.height,Hypericum.patulum,2,2
Max.height,Hypericum.perforatum,0.5790540540540541,1
Max.height,Hypochaeris.glabra,0.21504761904761904,0.405
Max.height,Hypochaeris.microcephala,0.4,0.4
Max.height,Hypochaeris.radicata,0.3927111111111111,0.6520000000000001
Max.height,Isoetopsis.graminifolia,0.05,0.05
Max.height,Isolepis.aucklandica,0.12,0.12
Max.height,Isolepis.australiensis,0.15,0.15
Max.height,Isolepis.cernua,0.2,0.2
Max.height,Isolepis.congrua,0.2,0.2
Max.height,Isolepis.fluitans,0.1,0.1
Max.height,Isolepis.gaudichaudiana,0.1,0.1
Max.height,Isolepis.habra,0.3,0.3
Max.height,Isolepis.hookeriana,0.12,0.12
Max.height,Isolepis.hystrix,0.05,0.05
Max.height,Isolepis.inundata,0.5,0.5
Max.height,Isolepis.levynsiana,0.08,0.08
Max.height,Isolepis.marginata,0.1,0.1
Max.height,Isolepis.montivaga,0.04,0.04
Max.height,Isolepis.platycarpa,0.2,0.2
Max.height,Isolepis.prolifera,0.4,0.4
Max.height,Isolepis.sepulcralis,0.25,0.25
Max.height,Isolepis.stellata,0.06,0.06
Max.height,Isolepis.subtilissima,0.1,0.1
Max.height,Isolepis.victoriensis,0.15,0.15
Max.height,Juncus bufonius,1,1
Max.height,Juncus.acuminatus,0.6,0.6
Max.height,Juncus.acutiflorus,1.1,1.1
Max.height,Juncus.acutus,1.6,1.6
Max.height,Juncus.alexandri,1.5,1.5
Max.height,Juncus.amabilis,1.1,1.1
Max.height,Juncus.antarcticus,0.06,0.06
Max.height,Juncus.aridicola,1.15,1.15
Max.height,Juncus.articulatus,0.6,0.6
Max.height,Juncus.australis,1,1
Max.height,Juncus.brevibracteus,1.25,1.25
Max.height,Juncus.bufonius,0.17935,0.31836
Max.height,Juncus.bulbosus,0.3,0.3
Max.height,Juncus.caespiticius,0.55,0.55
Max.height,Juncus.canadensis,0.65,0.65
Max.height,Juncus.capensis,0.5,0.5
Max.height,Juncus.capillaceus,0.25,0.25
Max.height,Juncus.capitatus,0.07,0.12599999999999997
Max.height,Juncus.cognatus,0.65,0.65
Max.height,Juncus.continuus,1.15,1.15
Max.height,Juncus.dolichanthus,0.6,0.6
Max.height,Juncus.effusus,1,1
Max.height,Juncus.falcatus,0.35,0.35
Max.height,Juncus.filicaulis,0.45,0.45
Max.height,Juncus.firmus,1.1,1.1
Max.height,Juncus.flavidus,0.9,0.9
Max.height,Juncus.fockei,0.45,0.45
Max.height,Juncus.gregiflorus,1.4,1.4
Max.height,Juncus.holoschoenus,0.75,0.75
Max.height,Juncus.homalocaulis,0.35,0.35
Max.height,Juncus.imbricatus,0.45,0.45
Max.height,Juncus.ingens,4,4
Max.height,Juncus.kraussii,1.5,1.5
Max.height,Juncus.laeviusculus,1.5,1.5
Max.height,Juncus.microcephalus,0.8,0.8
Max.height,Juncus.mollis,1.45,1.45
Max.height,Juncus.ochrocoleus,0.85,0.85
Max.height,Juncus.pallidus,1.35,1.35
Max.height,Juncus.pauciflorus,0.55,0.55
Max.height,Juncus.phaeanthus,1,1
Max.height,Juncus.planifolius,0.6,0.6
Max.height,Juncus.polyanthemus,1.15,1.15
Max.height,Juncus.prismatocarpus,0.4,0.4
Max.height,Juncus.procerus,1.45,1.45
Max.height,Juncus.psammophilus,1.25,1.25
Max.height,Juncus.radula,0.65,0.65
Max.height,Juncus.remotiflorus,0.7,0.7
Max.height,Juncus.revolutus,0.3,0.3
Max.height,Juncus.sandwithii,0.1,0.1
Max.height,Juncus.sarophorus,1.7,1.7
Max.height,Juncus.semisolidus,1.6,1.6
Max.height,Juncus.subglaucus,1.05,1.05
Max.height,Juncus.subsecundus,0.5425,0.6684999999999999
Max.height,Juncus.tenuis,0.5,0.5
Max.height,Juncus.thompsonianus,0.035,0.035
Max.height,Juncus.usitatus,1.1,1.1
Max.height,Juncus.vaginatus,1,1
Max.height,Lactuca serriola,0.4,0.4
Max.height,Lactuca.saligna,1,1
Max.height,Lactuca.serriola,1.18,1.8359999999999999
Max.height,Linaria.arvensis,0.4,0.4
Max.height,Linaria.incarnata,0.6,0.6
Max.height,Linaria.nigricans,0.17,0.17
Max.height,Linaria.pelisseriana,0.39999999999999997,0.6199999999999999
Max.height,Linaria.vulgaris,0.6,0.6
Max.height,Lolium perenne,3.5,3.5
Max.height,Lolium.loliaceum,0.3,0.3
Max.height,Lolium.multiflorum,1,1
Max.height,Lolium.perenne,0.433112,0.8360000000000001
Max.height,Lolium.rigidum,0.9,0.9
Max.height,Lolium.temulentum,0.9,0.9
Max.height,Lomandra.filiformis,0.27130952380952383,0.35899999999999993
Max.height,Lythrum.hyssopifolia,0.245,0.5199999999999999
Max.height,Lythrum.paradoxum,0.6,0.6
Max.height,Lythrum.salicaria,1,1
Max.height,Lythrum.wilsonii,0.45,0.45
Max.height,Malva.dendromorpha,3,3
Max.height,Malva.linnaei,1.5,1.5
Max.height,Malva.parviflora,0.5,0.5
Max.height,Malva.preissiana,4,4
Max.height,Malva.sylvestris,1,1
Max.height,Malva.verticillata,1,1
Max.height,Marrubium.vulgare,0.435,0.6
Max.height,Microlaena.stipoides,0.2548148148148148,0.39800000000000013
Max.height,Microtis.parviflora,0.5,0.5
Max.height,Microtis.rara,0.5,0.5
Max.height,Microtis.unifolia,0.6,0.6
Max.height,Moenchia.erecta,0.07125,0.11800000000000001
Max.height,Myosotis.australis,0.4,0.4
Max.height,Myosotis.discolor,0.16545454545454547,0.3
Max.height,Myosotis.exarrhena,0.5,0.5
Max.height,Myosotis.sylvatica,0.4,0.4
Max.height,Nassella.hyalina,0.8,0.8
Max.height,Nassella.megapotamia,1.3,1.3
Max.height,Nassella.neesiana,0.8,0.8
Max.height,Nassella.tenuissima,0.7,0.7
Max.height,Nassella.trichotoma,0.7,0.7
Max.height,Ophioglossum.lusitanicum,0.05,0.088
Max.height,Orobanche.cernua,0.45,0.45
Max.height,Orobanche.minor,0.3318181818181818,0.6
Max.height,Oxalis.perennans,0.14875,0.199
Max.height,Oxalis.rubens,0.35,0.35
Max.height,Panicum.antidotale,1.5,1.5
Max.height,Panicum.bisulcatum,0.8,0.8
Max.height,Panicum.bulbosum,1,1
Max.height,Panicum.buncei,1.8,1.8
Max.height,Panicum.capillare,0.8,0.8
Max.height,Panicum.coloratum,1.6,1.6
Max.height,Panicum.decompositum,1,1
Max.height,Panicum.effusum,0.2653846153846154,0.5400000000000003
Max.height,Panicum.gilvum,0.7,0.7
Max.height,Panicum.lachnophyllum,0.3,0.3
Max.height,Panicum.laevinode,1,1
Max.height,Panicum.miliaceum,1.2,1.2
Max.height,Panicum.obseptum,0.5,0.5
Max.height,Panicum.paludosum,1.5,1.5
Max.height,Panicum.pygmaeum,0.3,0.3
Max.height,Panicum.queenslandicum,0.8,0.8
Max.height,Panicum.racemosum,1,1
Max.height,Panicum.repens,1.2,1.2
Max.height,Panicum.schinzii,0.8,0.8
Max.height,Panicum.simile,0.7,0.7
Max.height,Parentucellia.latifolia,0.16125,0.27
Max.height,Parentucellia.viscosa,0.7,0.7
Max.height,Paspalum dilatatum,3,3
Max.height,Paspalum.ciliatifolium,1,1
Max.height,Paspalum.conjugatum,1,1
Max.height,Paspalum.dilatatum,1.47,1.8659999999999999
Max.height,Paspalum.distichum,0.5,0.5
Max.height,Paspalum.longifolium,1.5,1.5
Max.height,Paspalum.mandiocanum,1,1
Max.height,Paspalum.nicorae,0.5,0.5
Max.height,Paspalum.notatum,0.8,0.8
Max.height,Paspalum.orbiculare,1,1
Max.height,Paspalum.paniculatum,1.6,1.6
Max.height,Paspalum.quadrifarium,1.8,1.8
Max.height,Paspalum.regnellii,1.5,1.5
Max.height,Paspalum.scrobiculatum,1.6,1.6
Max.height,Paspalum.urvillei,2.5,2.5
Max.height,Paspalum.vaginatum,0.5,0.5
Max.height,Pentaschistis.airoides,0.3,0.3
Max.height,Petrorhagia.dubia,0.6,0.6
Max.height,Petrorhagia.nanteuilii,0.463125,0.6194999999999999
Max.height,Phalaris aquatica,4,4
Max.height,Phalaris.angusta,1.5,1.5
Max.height,Phalaris.aquatica,1.0732,1.3596
Max.height,Phalaris.arundinacea,2,2
Max.height,Phalaris.canariensis,1.2,1.2
Max.height,Phalaris.coerulescens,1.5,1.5
Max.height,Phalaris.minor,1.8,1.8
Max.height,Phalaris.paradoxa,1,1
Max.height,Plantago.lanceolata,0.341646632475,0.6020000000000001
Max.height,Plantago.scabra,0.3,0.3
Max.height,Poa.affinis,1.2,1.2
Max.height,Poa.annua,0.3,0.3
Max.height,Poa.bulbosa,0.5,0.5
Max.height,Poa.cheelii,1,1
Max.height,Poa.clivicola,0.6,0.6
Max.height,Poa.compressa,0.6,0.6
Max.height,Poa.costiniana,0.8,0.8
Max.height,Poa.ensiformis,1,1
Max.height,Poa.fawcettiae,0.6,0.6
Max.height,Poa.fax,0.5,0.5
Max.height,Poa.fordeana,1,1
Max.height,Poa.helmsii,1.5,1.5
Max.height,Poa.hiemata,0.6,0.6
Max.height,Poa.hookeri,0.5,0.5
Max.height,Poa.induta,1,1
Max.height,Poa.infirma,0.25,0.25
Max.height,Poa.labillardierei,0.91625,1.131
Max.height,Poa.meionectes,0.7,0.7
Max.height,Poa.petrophila,0.7,0.7
Max.height,Poa.phillipsiana,0.8,0.8
Max.height,Poa.poiformis,1,1
Max.height,Poa.pratensis,0.9,0.9
Max.height,Poa.queenslandica,1.8,1.8
Max.height,Poa.saxicola,1,1
Max.height,Poa.sieberiana,0.99875,1.049
Max.height,Poa.tenera,2,2
Max.height,Poa.trivialis,1,1
Max.height,Polycarpon.tetraphyllum,0.1305,0.25
Max.height,Pseudognaphalium.luteoalbum,0.45,0.45
Max.height,Rosa.rubiginosa,1.75,2.5
Max.height,Rumex.bidens,0.6,0.6
Max.height,Rumex.brownii,0.734,0.992
Max.height,Rumex.conglomeratus,0.8,0.8
Max.height,Rumex.crispus,1.5,1.5
Max.height,Rumex.crystallinus,0.4,0.4
Max.height,Rumex.dumosus,0.5,0.5
Max.height,Rumex.obtusifolius,0.65428,1.2
Max.height,Rumex.pulcher,0.6,0.6
Max.height,Rumex.stenoglottis,0.5,0.5
Max.height,Rumex.tenax,0.5,0.5
Max.height,Rytidosperma.alpicola,0.4,0.4
Max.height,Rytidosperma.auriculatum,0.5,0.5
Max.height,Rytidosperma.australe,0.08,0.08
Max.height,Rytidosperma.bipartitum,0.7,0.7
Max.height,Rytidosperma.caespitosum,0.30625,0.4819999999999999
Max.height,Rytidosperma.carphoides,0.5,0.5
Max.height,Rytidosperma.duttonianum,0.8,0.8
Max.height,Rytidosperma.erianthum,0.7,0.7
Max.height,Rytidosperma.fulvum,0.7,0.7
Max.height,Rytidosperma.gracile,0.08,0.08
Max.height,Rytidosperma.indutum,1.2,1.2
Max.height,Rytidosperma.laeve,0.6,0.6
Max.height,Rytidosperma.longifolium,0.8,0.8
Max.height,Rytidosperma.monticola,0.5,0.5
Max.height,Rytidosperma.nivicola,0.3,0.3
Max.height,Rytidosperma.nudiflorum,0.4,0.4
Max.height,Rytidosperma.oreophilum,0.5,0.5
Max.height,Rytidosperma.pallidum,1.2,1.2
Max.height,Rytidosperma.penicillatum,0.75,0.75
Max.height,Rytidosperma.pilosum,0.5,0.5
Max.height,Rytidosperma.pumilum,0.065,0.065
Max.height,Rytidosperma.racemosum,0.6,0.6
Max.height,Rytidosperma.richardsonii,1,1
Max.height,Rytidosperma.semiannulare,1,1
Max.height,Rytidosperma.setaceum,0.7,0.7
Max.height,Rytidosperma.tenuius,1.2,1.2
Max.height,Rytidosperma.unarede,0.45,0.45
Max.height,Rytidosperma.vickeryae,0.3,0.3
Max.height,Salvia verbenaca,0.4,0.4
Max.height,Salvia.aethiopis,1,1
Max.height,Salvia.coccinea,1,1
Max.height,Salvia.leucantha,1.3,1.3
Max.height,Salvia.microphylla,3,3
Max.height,Salvia.plebeia,0.9,0.9
Max.height,Salvia.reflexa,0.6,0.6
Max.height,Salvia.splendens,1,1
Max.height,Salvia.verbenaca,0.5449999999999999,0.6689999999999999
Max.height,Schoenus.apogon,0.25,0.25
Max.height,Schoenus.brevifolius,0.9,0.9
Max.height,Schoenus.calostachyus,0.7,0.7
Max.height,Schoenus.calyptratus,0.04,0.04
Max.height,Schoenus.centralis,0.2,0.2
Max.height,Schoenus.ericetorum,0.4,0.4
Max.height,Schoenus.evansianus,0.12,0.12
Max.height,Schoenus.imberbis,0.35,0.35
Max.height,Schoenus.kennyi,0.5,0.5
Max.height,Schoenus.latelaminatus,0.2,0.2
Max.height,Schoenus.lepidosperma,0.6,0.6
Max.height,Schoenus.maschalinus,0.2,0.2
Max.height,Schoenus.melanostachys,3.5,3.5
Max.height,Schoenus.moorei,0.22,0.22
Max.height,Schoenus.nitens,0.37,0.37
Max.height,Schoenus.pachylepis,0.6,0.6
Max.height,Schoenus.paludosus,0.15,0.15
Max.height,Schoenus.scabripes,1.3,1.3
Max.height,Schoenus.subaphyllus,0.45,0.45
Max.height,Schoenus.tesquorum,0.45,0.45
Max.height,Schoenus.turbinatus,0.4,0.4
Max.height,Schoenus.vaginatus,0.6,0.6
Max.height,Schoenus.villosus,0.4,0.4
Max.height,Secale cereale,3.5,3.5
Max.height,Secale.cereale,1.3028,1.75
Max.height,Senecio.amygdalifolius,1.5,1.5
Max.height,Senecio.anethifolius,1,1
Max.height,Senecio.angulatus,5,5
Max.height,Senecio.bathurstianus,1,1
Max.height,Senecio.behrianus,0.3,0.3
Max.height,Senecio.bipinnatisectus,1.2,1.2
Max.height,Senecio.biserratus,1,1
Max.height,Senecio.brigalowensis,0.5,0.5
Max.height,Senecio.campylocarpus,1.5,1.5
Max.height,Senecio.crassiflorus,0.5,0.5
Max.height,Senecio.cunninghamii,1,1
Max.height,Senecio.daltonii,0.5,0.5
Max.height,Senecio.diaschides,1,1
Max.height,Senecio.elegans,1,1
Max.height,Senecio.garlandii,1.2,1.2
Max.height,Senecio.glastifolius,1.5,1.5
Max.height,Senecio.glomeratus,1,1
Max.height,Senecio.glossanthus,0.3,0.3
Max.height,Senecio.gregorii,0.4,0.4
Max.height,Senecio.gunnii,0.8,0.8
Max.height,Senecio.hispidulus,1,1
Max.height,Senecio.howeanus,0.4,0.4
Max.height,Senecio.jacobaea,0.8,0.8
Max.height,Senecio.lacustrinus,0.8,0.8
Max.height,Senecio.lageniformis,0.4,0.4
Max.height,Senecio.lanibracteus,1.8,1.8
Max.height,Senecio.leptocarpus,0.3,0.3
Max.height,Senecio.linearifolius,1.5,1.5
Max.height,Senecio.longicollaris,1.8,1.8
Max.height,Senecio.macranthus,1,1
Max.height,Senecio.madagascariensis,0.6,0.6
Max.height,Senecio.magnificus,1.5,1.5
Max.height,Senecio.microbasis,0.6,0.6
Max.height,Senecio.minimus,1,1
Max.height,Senecio.pauciradiatus,0.25,0.25
Max.height,Senecio.pectinatus,0.25,0.25
Max.height,Senecio.pinnatifolius,1,1
Max.height,Senecio.platylepis,0.5,0.5
Max.height,Senecio.prenanthoides,0.8,0.8
Max.height,Senecio.productus,0.3,0.3
Max.height,Senecio.pterophorus,1.5,1.5
Max.height,Senecio.quadridentatus,1,1
Max.height,Senecio.queenslandicus,0.4,0.4
Max.height,Senecio.runcinifolius,0.8,0.8
Max.height,Senecio.spathulatus,0.5,0.5
Max.height,Senecio.tamoides,2,2
Max.height,Senecio.tenuiflorus,0.8,0.8
Max.height,Senecio.tuberculatus,0.5,0.5
Max.height,Senecio.vagus,1.2,1.2
Max.height,Senecio.velleioides,1.3,1.3
Max.height,Senecio.vulgaris,0.5,0.5
Max.height,Setaria.australiensis,2,2
Max.height,Setaria.incrassata,2,2
Max.height,Setaria.italica,1.5,1.5
Max.height,Setaria.palmifolia,1.5,1.5
Max.height,Setaria.parviflora,1.2,1.2
Max.height,Setaria.paspalidioides,0.7,0.7
Max.height,Setaria.poiretiana,1,1
Max.height,Setaria.pumila,1.3,1.3
Max.height,Setaria.sphacelata,2,2
Max.height,Setaria.surgens,1,1
Max.height,Setaria.verticillata,1,1
Max.height,Setaria.viridis,1,1
Max.height,Silene.coronaria,1,1
Max.height,Silene.dioica,0.8,0.8
Max.height,Silene.gallica,0.2916666666666667,0.44299999999999995
Max.height,Silene.latifolia,1,1
Max.height,Silene.tridentata,0.4,0.4
Max.height,Silene.uniflora,0.25,0.25
Max.height,Silene.vulgaris,1,1
Max.height,Solanum.nigrum,0.5153846153846154,0.8
Max.height,Sonchus.asper,0.6655416666666667,1.3499999999999996
Max.height,Sonchus.hydrophilus,1.2,1.2
Max.height,Sonchus.oleraceus,0.8220588235294117,1.5
Max.height,Spergularia.rubra,0.13346153846153846,0.24000000000000005
Max.height,Stuartina.hamata,0.1,0.1
Max.height,Stuartina.muelleri,0.12,0.12
Max.height,Taraxacum officinale,0.5,0.5
Max.height,Taraxacum.officinale,0.505,0.598
Max.height,Themeda.australis,0.5088793103448276,0.9220000000000002
Max.height,Themeda.avenacea,2,2
Max.height,Themeda.quadrivalvis,2,2
Max.height,Themeda.triandra,1.2,1.2
Max.height,Tolpis.barbata,0.6,0.6
Max.height,Tragopogon dubius,3,3
Max.height,Tragopogon.dubius,0.7177809523809524,1.05
Max.height,Tragopogon.porrifolius,1.2,1.2
Max.height,Tricoryne.anceps,0.7,0.7
Max.height,Tricoryne.elatior,0.417,0.45799999999999996
Max.height,Tricoryne.simplex,0.3,0.3
Max.height,Trifolium campestre,0.1215,0.1215
Max.height,Trifolium glomeratum,0.032,0.032
Max.height,Trifolium repens,0.5,0.5
Max.height,Trifolium subterraneum,0.5,0.5
Max.height,Trifolium.alexandrinum,0.6,0.6
Max.height,Trifolium.angustifolium,0.30166666666666664,0.55
Max.height,Trifolium.arvense,0.16483,0.2510000000000001
Max.height,Trifolium.campestre,0.2783076923076923,0.4800000000000001
Max.height,Trifolium.dubium,0.24419047619047618,0.371
Max.height,Trifolium.glomeratum,0.13411111111111113,0.25
Max.height,Trifolium.incarnatum,0.5,0.5
Max.height,Trifolium.scabrum,0.08625,0.111
Max.height,Trifolium.striatum,0.205,0.33999999999999986
Max.height,Trifolium.subterraneum,0.09691333333333334,0.15716000000000008
Max.height,Trifolium.vesiculosum,0.8,0.8
Max.height,Triptilodiscus.pygmaeus,0.08,0.08
Max.height,Unknown.grass,0.18460000000000001,0.3580000000000001
Max.height,Verbascum.blattaria,1.2,1.2
Max.height,Verbascum.sinuatum,1,1
Max.height,Verbascum.thapsus,1.0205882352941176,2
Max.height,Verbascum.virgatum,0.825,1.5
Max.height,Vittadinia.arida,0.3,0.3
Max.height,Vittadinia.blackii,0.3,0.3
Max.height,Vittadinia.condyloides,0.3,0.3
Max.height,Vittadinia.cuneata,0.4,0.4
Max.height,Vittadinia.dissecta,0.35,0.35
Max.height,Vittadinia.eremaea,0.25,0.25
Max.height,Vittadinia.gracilis,0.4,0.4
Max.height,Vittadinia.pterochaeta,0.3,0.3
Max.height,Vittadinia.pustulata,0.3,0.3
Max.height,Vittadinia.sulcata,0.3,0.3
Max.height,Vittadinia.tenuissima,0.4,0.4
Max.height,Vulpia myuros,0.795,1.359
Max.height,Vulpia.bromoides,0.23124271844660194,0.348
Max.height,Vulpia.ciliata,0.5,0.5
Max.height,Vulpia.fasciculata,0.6,0.6
Max.height,Vulpia.muralis,0.4221153846153846,0.53
Max.height,Vulpia.myuros,0.39145517241379313,0.584
Max.height,Wahlenbergia.aridicola,0.75,0.75
Max.height,Wahlenbergia.ceracea,1.15,1.15
Max.height,Wahlenbergia.communis,0.675,0.735
Max.height,Wahlenbergia.densifolia,0.3,0.3
Max.height,Wahlenbergia.fluminalis,0.8,0.8
Max.height,Wahlenbergia.glabra,0.35,0.35
Max.height,Wahlenbergia.gloriosa,0.4,0.4
Max.height,Wahlenbergia.gracilenta,0.35,0.35
Max.height,Wahlenbergia.gracilis,0.8,0.8
Max.height,Wahlenbergia.graniticola,0.95,0.95
Max.height,Wahlenbergia.insulae-howei,0.15,0.15
Max.height,Wahlenbergia.littoricola,0.8,0.8
Max.height,Wahlenbergia.luteola,0.8,0.8
Max.height,Wahlenbergia.multicaulis,0.75,0.75
Max.height,Wahlenbergia.planiflora,0.7,0.7
Max.height,Wahlenbergia.queenslandica,0.9,0.9
Max.height,Wahlenbergia.scopulicola,0.35,0.35
Max.height,Wahlenbergia.stricta,0.9,0.9
Max.height,Wahlenbergia.tumidifructa,0.9,0.9
Max.height,Wahlenbergia.victoriensis,0.4,0.4
Max.height,Wurmbea.biglandulosa,0.3,0.3
Max.height,Wurmbea.citrina,0.3,0.3
Max.height,Wurmbea.dioica,0.3,0.3
Max.height,Wurmbea.latifolia,0.15,0.15
Max.height,Wurmbea.uniflora,0.17,0.17
SLA,Acetosella.vulgaris,15.998986072095239,20.11822785
SLA,Aira.caryophyllea,21.08,31.060000000000002
SLA,Anagallis.arvensis,29.32,39.04
SLA,Austrostipa.bigeniculata,6.091525120055556,8.4073259015
SLA,Austrostipa.scabra,6.0299855226,7.4153075396000006
SLA,Avena.barbata,22.154708318461537,25.36
SLA,Avena.sativa,23.846,28.424
SLA,Bothriochloa.macra,15.5644614302,17.594395605
SLA,Bromus.diandrus,31.5482583,31.5482583
SLA,Bromus.hordeaceus,28.000300752105264,34.67400000000001
SLA,Bulbine.bulbosa,33.38,33.38
SLA,Carduus.nutans,17.05,19.099999999999998
SLA,Carex.inversa,7.892276777666667,8.502325664
SLA,Carthamus.lanatus,7.74,7.74
SLA,Centaurium.erythraea,22.988333333333333,29.02
SLA,Cerastium.glomeratum,21.0825,26.935000000000002
SLA,Chloris.truncata,11.55,11.55
SLA,Chondrilla.juncea,12.207536374551724,16.355074562
SLA,Cirsium.vulgare,15.387060506941177,18.74
SLA,Convolvulus.erubescens,14.92218061625,17.586416976
SLA,Cynodon.dactylon,32.25857142857143,42.782000000000004
SLA,Daucus.glochidiatus,45.74,45.74
SLA,Desmodium.varians,12.539610197833333,14.436858310000002
SLA,Digitaria.brownii,17.39,17.39
SLA,Echium.plantagineum,32.85,41.050000000000004
SLA,Eragrostis.brownii,7.87,7.87
SLA,Erodium.cicutarium,32.70967033,51.68303296999999
SLA,Erodium.crinitum,16,16
SLA,Hirschfeldia.incana,22.676666666666666,30.85
SLA,Holcus.lanatus,31.27891779051282,44.012
SLA,Hordeum.leporinum,25.75,25.75
SLA,Hypericum.perforatum,27.16016020918919,44.408363638
SLA,Hypochaeris.glabra,34.05,50.838
SLA,Hypochaeris.radicata,20.55880100285714,25.442084649
SLA,Isoetopsis.graminifolia,21.73,21.73
SLA,Juncus.bufonius,17.8693632225,21.794217023
SLA,Lolium.perenne,27.461685635227273,35.05033985000001
SLA,Lomandra.filiformis,5.398061786380953,6.951255605
SLA,Lythrum.hyssopifolia,24.2075,25.120000000000005
SLA,Marrubium.vulgare,14.2,14.2
SLA,Microlaena.stipoides,13.394264965,15.11669544
SLA,Myosotis.discolor,33.12714285714286,46.6
SLA,Panicum.effusum,12.454046851625,15.519820207999999
SLA,Paspalum.dilatatum,17.245717715,17.746683135
SLA,Plantago.lanceolata,16.013746611271028,24.763180490000003
SLA,Poa.sieberiana,5.698930055,5.8137129134
SLA,Rosa.rubiginosa,11.216666666666667,13.108
SLA,Rumex.brownii,12.92,12.92
SLA,Rumex.obtusifolius,31.3609650925,45.379999999999995
SLA,Silene.gallica,34.74,43.163999999999994
SLA,Solanum.nigrum,23.04,32.97999999999999
SLA,Sonchus.asper,24.973895913333333,34.8
SLA,Sonchus.oleraceus,35.99370140655556,48.49999999999997
SLA,Spergularia.rubra,16.792506145,20.398501229
SLA,Themeda.australis,15.0494938503125,16.535440505
SLA,Tragopogon.dubius,21.904975980833335,26.857000000000003
SLA,Trifolium.angustifolium,20.42693845,23.524652279999998
SLA,Trifolium.arvense,17.90977910875,20.754763009
SLA,Trifolium.campestre,27.083333333333332,30.8
SLA,Trifolium.dubium,28.722991658461538,35.664
SLA,Trifolium.sp,33.15798674,33.15798674
SLA,Trifolium.striatum,21.396153846153847,23.826
SLA,Trifolium.subterraneum,25,25
SLA,Unknown.grass,72.83584304666667,89.54527449300001
SLA,Verbascum.thapsus,16.91821751333333,24.89915254
SLA,Verbascum.virgatum,13.1,13.1
SLA,Vulpia.bromoides,20.86,30.22
SLA,Vulpia.myuros,22.383333333333333,28.4
SLA,Wahlenbergia.communis,23.92,23.92
Vegetative.height,Acaena.agnipila,0.26,0.276
Vegetative.height,Acetosella.vulgaris,0.3293421052631579,0.40900000000000014
Vegetative.height,Aira.sp,0.17076923076923078,0.22200000000000003
Vegetative.height,Austrostipa.bigeniculata,0.30333333333333334,0.47
Vegetative.height,Austrostipa.scabra,0.3070588235294118,0.4734999999999999
Vegetative.height,Avena.barbata,0.5058333333333334,0.695
Vegetative.height,Avena.fatua,0.756625,0.9620000000000001
Vegetative.height,Bothriochloa.macra,0.11151351351351352,0.19
Vegetative.height,Bromus.diandrus,0.652421875,0.8240000000000001
Vegetative.height,Bromus.hordeaceus,0.3491818181818182,0.526
Vegetative.height,Bromus.rubens,0.24727272727272728,0.31
Vegetative.height,Carex.inversa,0.38083333333333336,0.445
Vegetative.height,Chondrilla.juncea,0.51295,0.7120000000000001
Vegetative.height,Convolvulus.erubescens,0.297,0.48199999999999993
Vegetative.height,Cynoglossum.suaveolens,0.195,0.30300000000000005
Vegetative.height,Desmodium.varians,0.22416666666666668,0.35
Vegetative.height,Echium.plantagineum,0.3525,0.45400000000000007
Vegetative.height,Eragrostis.curvula,0.295,0.347
Vegetative.height,Geranium.solanderi,0.10333333333333333,0.118
Vegetative.height,Holcus.lanatus,0.6127272727272727,0.69
Vegetative.height,Hypericum.perforatum,0.59375,0.96
Vegetative.height,Hypochaeris.glabra,0.0351,0.06199999999999999
Vegetative.height,Hypochaeris.radicata,0.07597368421052632,0.14300000000000004
Vegetative.height,Juncus.subsecundus,0.385,0.385
Vegetative.height,Lactuca.serriola,0.36,0.36
Vegetative.height,Lomandra.filiformis,0.27130952380952383,0.35899999999999993
Vegetative.height,Microlaena.stipoides,0.22923076923076924,0.365
Vegetative.height,Oxalis.perennans,0.13,0.157
Vegetative.height,Panicum.effusum,0.13636363636363635,0.19
Vegetative.height,Paspalum.dilatatum,0.615,0.6829999999999999
Vegetative.height,Petrorhagia.nanteuilii,0.38625,0.5
Vegetative.height,Phalaris.aquatica,0.845,0.909
Vegetative.height,Plantago.lanceolata,0.1882875,0.3
Vegetative.height,Poa.labillardierei,0.5066666666666667,0.606
Vegetative.height,Poa.sieberiana,0.52,0.566
Vegetative.height,Rumex.brownii,0.45666666666666667,0.624
Vegetative.height,Rytidosperma.caespitosum,0.20714285714285716,0.23600000000000002
Vegetative.height,Salvia.verbenaca,0.2,0.2
Vegetative.height,Taraxacum.officinale,0.08,0.10999999999999999
Vegetative.height,Themeda.australis,0.22324561403508772,0.382
Vegetative.height,Tragopogon.dubius,0.7988999999999999,1.057
Vegetative.height,Tricoryne.elatior,0.325,0.389
Vegetative.height,Trifolium.arvense,0.15810227272727273,0.24299999999999997
Vegetative.height,Trifolium.dubium,0.08499999999999999,0.089
Vegetative.height,Trifolium.scabrum,0.07925,0.097
Vegetative.height,Trifolium.subterraneum,0.077,0.13
Vegetative.height,Unknown.grass,0.1072,0.16200000000000003
Vegetative.height,Verbascum.thapsus,0.23333333333333334,0.286
Vegetative.height,Verbascum.virgatum,0.125,0.145
Vegetative.height,Vulpia.bromoides,0.2015432098765432,0.3
Vegetative.height,Vulpia.muralis,0.41214285714285714,0.52
Vegetative.height,Vulpia.myuros,0.3013888888888889,0.44899999999999995
Vegetative.width,Acaena.agnipila,0.19,0.238
Vegetative.width,Acetosella.vulgaris,0.055645161290322584,0.09
Vegetative.width,Aira.sp,0.0054,0.010999999999999996
Vegetative.width,Austrostipa.bigeniculata,0.23102564102564102,0.3580000000000001
Vegetative.width,Austrostipa.scabra,0.1941304347826087,0.308
Vegetative.width,Avena.barbata,0.04833333333333333,0.075
Vegetative.width,Avena.fatua,0.08925,0.24300000000000005
Vegetative.width,Bothriochloa.macra,0.23791666666666667,0.39499999999999996
Vegetative.width,Bromus.diandrus,0.06028125,0.1
Vegetative.width,Bromus.hordeaceus,0.01196,0.03
Vegetative.width,Bromus.rubens,0.0037272727272727275,0.005
Vegetative.width,Carex.inversa,0.23666666666666666,0.515
Vegetative.width,Chondrilla.juncea,0.23911764705882352,0.367
Vegetative.width,Convolvulus.erubescens,0.216,0.30299999999999994
Vegetative.width,Cymbonotus.maidenii,0.4,0.4
Vegetative.width,Cymbonotus.preissianus,0.3,0.3
Vegetative.width,Cynoglossum.suaveolens,0.1875,0.29900000000000004
Vegetative.width,Desmodium.varians,0.075,0.105
Vegetative.width,Echium.plantagineum,0.0575,0.084
Vegetative.width,Eragrostis.curvula,0.595,0.759
Vegetative.width,Euphorbia.ophthalmica,0.45,0.45
Vegetative.width,Euphorbia.psammogeton,1,1
Vegetative.width,Galium.ciliare,1,1
Vegetative.width,Geranium.solanderi,0.07333333333333333,0.11199999999999999
Vegetative.width,Holcus.lanatus,0.03166666666666666,0.05199999999999999
Vegetative.width,Hypericum.perforatum,0.21625,0.41500000000000004
Vegetative.width,Hypochaeris.glabra,0.07,0.08499999999999999
Vegetative.width,Hypochaeris.radicata,0.20483333333333334,0.30200000000000005
Vegetative.width,Juncus.subsecundus,0.11,0.11
Vegetative.width,Lactuca.serriola,0.34,0.34
Vegetative.width,Lomandra.bracteata,0.2,0.2
Vegetative.width,Lomandra.brevis,0.2,0.2
Vegetative.width,Lomandra.effusa,0.6,0.6
Vegetative.width,Lomandra.filiformis,0.3273478260869565,0.524
Vegetative.width,Microlaena.stipoides,0.22833333333333333,0.33599999999999997
Vegetative.width,Oxalis.perennans,0.07375000000000001,0.101
Vegetative.width,Panicum.effusum,0.20090909090909093,0.3
Vegetative.width,Paspalum.dilatatum,1.4,1.48
Vegetative.width,Petrorhagia.nanteuilii,0.0375,0.06100000000000001
Vegetative.width,Phalaris.aquatica,0.065,0.087
Vegetative.width,Plantago.lanceolata,0.22222916666666667,0.3460000000000001
Vegetative.width,Poa.labillardierei,0.6233333333333333,0.816
Vegetative.width,Poa.sieberiana,0.6033333333333333,0.7879999999999999
Vegetative.width,Rumex.brownii,0.18000000000000002,0.274
Vegetative.width,Salvia.verbenaca,0.13,0.13
Vegetative.width,Taraxacum.officinale,0.23,0.266
Vegetative.width,Themeda.australis,0.41,0.574
Vegetative.width,Tragopogon.dubius,0.2549,0.30199999999999994
Vegetative.width,Tricoryne.elatior,0.49,0.537
Vegetative.width,Trifolium.arvense,0.03338461538461538,0.029000000000000005
Vegetative.width,Trifolium.dubium,0.015,0.015
Vegetative.width,Trifolium.scabrum,0.036250000000000004,0.05950000000000001
Vegetative.width,Trifolium.subterraneum,0.09615384615384616,0.128
Vegetative.width,Unknown.grass,0.3225,0.387
Vegetative.width,Verbascum.thapsus,0.43666666666666665,0.508
Vegetative.width,Verbascum.virgatum,0.35,0.39
Vegetative.width,Vulpia.bromoides,0.0058,0.010999999999999996
Vegetative.width,Vulpia.muralis,0.0032500000000000003,0.0037
Vegetative.width,Vulpia.myuros,0.009722222222222222,0.0165
