date,site,observer,quadrat,id,1_pc,2_pc,3_pc,4_pc,5_pc,6_pc,7_pc,8_pc,9_pc,10_pc
13/11/2010,s3,Don,2,Oxalis perennans,1,1,0,1,0,1,0,0,0,0
13/11/2010,s3,Don,2,Aira cupaniana,50,8,60,30,80,25,0,0,0,0
13/11/2010,s3,Don,2,Hypochaeris radicata,52,60,30,50,90,70,90,100,90,100
13/11/2010,s3,Don,2,Saffron thistle,1,1,12,1,30,4,0,0,0,0
13/11/2010,s3,Don,2,Bromus hordeaceus,1,1,30,1,4,0,0,0,0,0
13/11/2010,s3,Don,2,Microlaena stipoides,1,0,4,0,0,0,0,0,0,0
13/11/2010,s3,Don,2,Vulpia bromoides,4,6,30,4,1,4,15,0,6,1
13/11/2010,s3,Don,2,Trifolium striatum,10,0,1,4,4,0,8,0,1,30
13/11/2010,s3,Don,2,Trifolium arvense,4,1,1,1,1,60,4,1,1,0
13/11/2010,s3,Don,2,Trifolium dubium,1,0,1,0,1,0,0,0,0,1
13/11/2010,s3,Don,2,Trifolium glomeratum,1,1,1,1,1,1,1,4,1,0
13/11/2010,s3,Don,2,Trifolium subterraneum,55,12,70,90,80,60,25,20,80,80
13/11/2010,s3,Don,2,Erodium botrys,0,0,0,0,0,0,0,0,0,1
13/11/2010,s3,Don,2,Austrodanthonia small hairless,0,10,0,0,0,0,0,0,0,0
13/11/2010,s3,Don,2,Lomandra filiformis,1,0,1,0,1,1,0,0,0,0
13/11/2010,s3,Don,2,Parentucellia latifolia,1,1,0,0,0,0,0,0,0,0
13/11/2010,s3,Don,2,Sorrel,1,0,0,1,0,0,0,0,0,0
13/11/2010,s3,Don,2,Capeweed,1,0,0,1,1,0,0,0,1,0
13/11/2010,s3,Don,2,Austrodanthonia caespitosa,0,0,0,0,0,4,0,0,0,0
13/11/2010,s3,Don,2,Juncus bufonius,6,30,1,0,0,0,0,4,0,0
13/11/2010,s3,Don,2,Austrodanthonia caespitosa,0,0,0,0,0,0,30,16,4,0
13/11/2010,s3,Don,2,Saffron thistle,0,0,0,0,0,0,8,4,30,0
13/11/2010,s3,Don,2,Austrodanthonia laevis,0,0,0,0,0,0,30,16,4,0
13/11/2010,s3,Don,2,Panicum effusum,0,1,0,0,0,0,0,0,0,0
13/11/2010,s3,Don,2,Crassula sieberiana,0,1,1,0,0,1,0,1,0,0
13/11/2010,s3,Don,2,Wurmbia dioica,0,1,0,0,0,0,0,0,0,0
13/11/2010,s3,Don,2,Austrodanthonia caespitosa,0,10,0,1,0,0,0,0,0,0
13/11/2010,s3,Don,2,Lythrum hyssopifolia,0,20,0,0,0,0,0,0,0,0
13/11/2010,s3,Don,2,Bare ground,0,4,0,0,1,4,0,0,0,0
13/11/2010,s3,Don,2,Grass litter,0,0,1,0,0,1,0,0,0,0
13/11/2010,s3,Don,2,Rock,0,1,0,0,0,1,0,0,0,0
13/11/2010,s3,Don,2,Microtis unifolia,0,1,0,1,0,0,0,1,0,0
13/11/2010,s3,Don,2,Avena sativa,0,0,1,0,0,0,0,0,0,0
13/11/2010,s3,Don,2,Themeda australis,0,0,1,0,0,0,0,0,0,0
13/11/2010,s3,Don,2,Plantago lanceolata,0,0,1,0,0,0,0,0,0,0
13/11/2010,s3,Don,2,Trifolium angustifolium,0,0,1,0,1,0,0,0,0,1
13/11/2010,s3,Don,2,Gallium gaudichaudii,0,0,1,0,0,0,0,0,0,0
13/11/2010,s3,Don,2,Carex inversa,0,0,1,0,0,0,0,0,0,0
13/11/2010,s3,Don,2,Erodium cicutarium,0,0,0,1,1,1,0,0,0,0
13/11/2010,s3,Don,2,Elymus scaber,0,0,0,1,0,0,0,1,4,1
13/11/2010,s3,Don,2,Austrodanthonia sp (no flowers),0,0,0,1,0,0,0,0,0,0
13/11/2010,s3,Don,2,Austrostipa bigeniculata,0,0,1,0,1,1,0,0,0,0
13/11/2010,s3,Don,2,Petrorhagia nanteuilii,0,0,0,0,0,1,0,0,0,0
13/11/2010,s3,Don,2,Vittadinia cuneata,0,0,0,0,0,1,0,0,0,0
13/11/2010,s3,Don,2,Euchiton sphaericus,0,0,0,0,0,1,0,0,0,0
13/11/2010,s3,Don,2,Desmodium varians,0,0,0,0,0,1,0,0,0,0
13/11/2010,s3,Don,2,Elymus scaber,0,0,0,0,0,1,0,0,0,0
13/11/2010,s3,Don,2,Vulpia muralis,0,0,0,0,0,1,0,0,0,0
13/11/2010,s3,Don,2,Vulpia myuros,0,1,0,0,0,0,0,0,0,0
14/11/2010,w3,Don,2,Opposite leaf,1,1,0,1,0,0,1,0,0,0
14/11/2010,w3,Don,2,Bromus hordeaceus,10,1,10,40,1,4,1,1,1,0
14/11/2010,w3,Don,2,Hypochaeris radicata,40,50,10,10,4,16,35,0,6,0
14/11/2010,w3,Don,2,Vulpia bromoides,1,1,1,10,1,8,1,1,1,1
14/11/2010,w3,Don,2,Aira cupaniana,1,0,0,0,0,4,1,0,0,1
14/11/2010,w3,Don,2,Trifolium striatum,16,4,6,30,16,16,1,1,4,4
14/11/2010,w3,Don,2,Trifolium subterraneum,80,50,80,70,90,60,55,100,96,80
14/11/2010,w3,Don,2,Oxalis perennans,1,1,0,1,0,1,1,0,0,1
14/11/2010,w3,Don,2,Erodium cicutarium,1,1,1,1,8,1,1,0,8,1
14/11/2010,w3,Don,2,Capeweed,1,1,0,0,0,0,4,1,0,0
14/11/2010,w3,Don,2,Austrostipa scabra,0,1,1,0,1,0,0,0,0,1
14/11/2010,w3,Don,2,Grass litter,0,0,0,0,0,0,0,0,0,0
14/11/2010,w3,Don,2,Bare ground,0,1,0,0,0,0,0,0,0,1
14/11/2010,w3,Don,2,Vulpia myuros,0,12,1,0,0,1,1,0,0,4
14/11/2010,w3,Don,2,Bromus rubens,0,0,4,0,1,0,0,0,0,0
14/11/2010,w3,Don,2,Avena sativa,0,0,4,0,0,1,0,0,0,1
14/11/2010,w3,Don,2,Microlaena stipoides,0,0,15,12,0,30,8,0,0,1
14/11/2010,w3,Don,2,Rock,0,0,1,0,0,1,0,0,0,0
14/11/2010,w3,Don,2,Trifolium angustifolium,0,0,0,1,0,0,0,0,0,0
14/11/2010,w3,Don,2,Euchiton sphaericus,0,0,0,1,0,0,1,0,0,0
14/11/2010,w3,Don,2,Trifolium arvense,0,0,0,0,1,1,0,0,0,1
14/11/2010,w3,Don,2,Vulpia muralis,0,0,0,0,1,0,0,0,0,0
14/11/2010,w3,Don,2,Rumex brownii,0,0,0,0,0,1,0,0,0,0
14/11/2010,w3,Don,2,Elymus scaber,0,0,0,0,0,1,0,0,0,0
14/11/2010,w3,Don,2,Desmodium varians,0,0,0,0,0,1,0,0,0,1
14/11/2010,w3,Don,2,Geranium solanderi,0,0,0,0,0,0,1,0,0,0
14/11/2010,w3,Don,2,Juncus bufonius,0,0,0,0,0,0,1,0,0,0
14/11/2010,w3,Don,2,Austrodanthonia caespitosa,0,0,0,0,0,0,1,0,0,1
14/11/2010,w3,Don,2,Plantago lanceolata,0,0,0,0,0,0,0,1,0,0
14/11/2010,w3,Don,2,Saffron thistle,0,0,0,0,0,0,0,0,1,0
14/11/2010,w3,Don,2,Barley grass,0,0,0,0,0,0,0,0,1,0
14/11/2010,w3,Don,2,Lomandra filiformis,0,0,0,0,0,0,0,0,0,1
14/11/2010,s1,Don,2,Avena sativa,8,20,16,4,90,100,70,16,70,0
14/11/2010,s1,Don,2,Austrostipa scabra,80,70,90,70,30,30,70,36,35,50
14/11/2010,s1,Don,2,Hypochaeris radicata,30,4,20,40,30,8,1,28,8,40
14/11/2010,s1,Don,2,Petrorhagia nanteuilii,1,0,0,0,1,1,1,0,0,0
14/11/2010,s1,Don,2,Skeleton weed,1,4,4,0,1,70,4,0,0,4
14/11/2010,s1,Don,2,Oxalis perennans,1,1,1,1,4,1,0,1,1,1
14/11/2010,s1,Don,2,Pentaschistis airoides,1,0,0,8,0,0,0,12,0,0
14/11/2010,s1,Don,2,Bare ground,8,0,12,1,4,0,0,4,0,8
14/11/2010,s1,Don,2,Grass litter,12,24,8,8,16,20,12,1,8,1
14/11/2010,s1,Don,2,Rock,4,4,0,0,0,0,0,0,4,1
14/11/2010,s1,Don,2,Sorrel,0,12,1,0,4,1,0,0,0,20
14/11/2010,s1,Don,2,Vulpia muralis,0,1,0,24,16,4,8,40,8,40
14/11/2010,s1,Don,2,Bromus diandrus,0,0,24,0,8,10,30,1,8,35
14/11/2010,s1,Don,2,Trifolium subterraneum,0,0,8,20,30,30,60,80,90,80
14/11/2010,s1,Don,2,Trifolium glomeratum,0,0,1,0,0,0,0,0,0,0
14/11/2010,s1,Don,2,Vulpia bromoides,0,0,1,0,0,0,0,0,0,0
14/11/2010,s1,Don,2,Rumex brownii,0,0,4,0,0,0,0,0,0,0
14/11/2010,s1,Don,2,Microlaena stipoides,0,0,0,1,4,0,0,0,0,4
14/11/2010,s1,Don,2,Trifolium arvense,0,0,0,4,0,1,0,0,0,0
14/11/2010,s1,Don,2,Erodium blue,0,0,0,0,0,0,1,0,0,0
14/11/2010,s1,Don,2,Austrostipa bigeniculata,0,0,0,0,0,0,1,0,0,0
7/11/2010,s5,Don,1,Aira cupaniana,4,12,1,1,0,1,0,4,8,1
7/11/2010,s5,Don,1,Pentaschistis airoides,0,0,0,0,0,1,16,0,0,4
7/11/2010,s5,Don,1,Arctotheca calendula,0,0,1,0,0,0,1,0,1,0
7/11/2010,s5,Don,1,Aristida ramosa,0,0,0,0,0,10,8,4,0,1
7/11/2010,s5,Don,1,Austrodanthonia laevis,0,4,4,1,16,0,4,24,4,1
7/11/2010,s5,Don,1,Austrostipa bigeniculata,0,0,0,0,0,12,20,0,0,12
7/11/2010,s5,Don,1,Austrostipa scabra,25,16,8,45,4,16,4,30,80,30
7/11/2010,s5,Don,1,Bare ground,8,12,20,4,20,12,12,8,4,8
7/11/2010,s5,Don,1,Branching cudweed,0,0,0,0,0,0,0,0,0,0
7/11/2010,s5,Don,1,Briza minor,0,0,0,0,0,0,0,0,0,0
7/11/2010,s5,Don,1,Bromus hordeaceus,0,0,0,0,0,0,1,0,1,0
7/11/2010,s5,Don,1,Common cudweed,1,4,1,8,1,1,1,12,8,0
7/11/2010,s5,Don,1,Crassula sieberiana,0,1,1,1,0,1,1,1,1,1
7/11/2010,s5,Don,1,Cymbonotus preissianus,0,0,1,0,0,0,0,0,0,0
7/11/2010,s5,Don,1,Dichanthium sericeum sericeum,1,1,1,0,0,0,0,0,0,0
7/11/2010,s5,Don,1,Elymus scaber,0,0,0,0,0,0,0,0,1,0
7/11/2010,s5,Don,1,Erodium blue,4,1,1,1,0,1,0,0,0,0
7/11/2010,s5,Don,1,Erodium pink,0,0,0,0,0,0,1,0,0,0
7/11/2010,s5,Don,1,Glossy opposite,0,1,1,0,0,0,0,0,0,0
7/11/2010,s5,Don,1,Grass litter,4,4,4,4,4,1,1,4,4,4
7/11/2010,s5,Don,1,Hypochaeris radicata,0,0,0,0,0,90,60,90,60,25
7/11/2010,s5,Don,1,Microlaena stipoides,0,0,0,0,0,0,0,0,0,0
7/11/2010,s5,Don,1,Parentucellia latifolia,0,1,1,0,0,0,0,0,0,0
7/11/2010,s5,Don,1,Paronychia braziliana,0,0,0,0,0,1,1,0,0,0
7/11/2010,s5,Don,1,Saffron thistle,1,0,1,0,0,1,1,0,1,0
7/11/2010,s5,Don,1,Stuartina meulleri,0,0,1,0,0,0,0,0,0,0
7/11/2010,s5,Don,1,Austrodanthonia pilosa,0,0,0,0,0,0,0,0,0,0
7/11/2010,s5,Don,1,Austrodanthonia caespitosa,0,0,0,0,0,1,4,0,0,0
7/11/2010,s5,Don,1,Themeda australis,0,0,0,0,1,1,1,0,0,0
7/11/2010,s5,Don,1,Tincy sedge,0,1,1,1,1,1,0,1,0,1
7/11/2010,s5,Don,1,Trifolium arvense,0,0,1,0,0,4,12,1,4,1
7/11/2010,s5,Don,1,Trifolium glomeratum,0,0,1,1,1,0,0,1,4,0
7/11/2010,s5,Don,1,Trifolium striatum,0,0,0,0,0,1,1,0,4,0
7/11/2010,s5,Don,1,Trifolium subterraneum,1,1,0,0,0,1,40,0,4,1
7/11/2010,s5,Don,1,Triptilodiscus pygmaeus,1,4,4,1,4,16,0,16,20,4
7/11/2010,s5,Don,1,Unidentified grass,0,0,0,0,0,4,1,10,10,1
7/11/2010,s5,Don,1,Vulpia bromoides,0,0,0,0,0,0,1,0,1,0
7/11/2010,s5,Don,1,Vulpia muralis,0,0,0,0,0,1,1,0,0,0
7/11/2010,s5,Don,1,Wahlenbergia multicaulis,1,1,0,1,1,1,1,1,0,0
20/11/2010,w3,Penny,3,Hypochaeris radicata,50,40,0,30,30,0,12,12,30,40
20/11/2010,w3,Penny,3,Vulpia bromoides,0,8,0,1,1,15,0,8,0,0
20/11/2010,w3,Penny,3,Trifolium subterraneum,80,80,25,60,70,80,80,80,80,80
20/11/2010,w3,Penny,3,Oxalis perennans,1,0,0,0,0,0,0,1,0,0
20/11/2010,w3,Penny,3,Vulpia muralis,4,0,1,1,0,0,1,0,1,4
20/11/2010,w3,Penny,3,Common cudweed,1,0,0,0,0,0,0,4,0,0
20/11/2010,w3,Penny,3,Aira cupaniana,1,0,0,0,0,0,0,1,0,0
20/11/2010,w3,Penny,3,Microlaena stipoides,1,1,8,1,0,20,8,1,1,1
20/11/2010,w3,Penny,3,Plantago lanceolata,0,0,0,0,0,0,0,12,0,0
20/11/2010,w3,Penny,3,Trifolium striatum,1,12,8,20,20,1,8,8,8,0
20/11/2010,w3,Penny,3,Erodium pink,1,0,1,0,1,0,0,4,0,0
20/11/2010,w3,Penny,3,Capeweed,0,8,0,0,0,0,0,0,0,0
20/11/2010,w3,Penny,3,Grass litter,0,0,0,0,0,0,0,0,0,0
20/11/2010,w3,Penny,3,Bare ground,0,0,0,0,0,0,0,0,0,0
20/11/2010,w3,Penny,3,Erodium blue,0,1,4,1,4,0,1,0,1,0
20/11/2010,w3,Penny,3,Austrostipa bigeniculata,0,8,0,0,0,0,0,0,4,0
20/11/2010,w3,Penny,3,Avena sativa,0,0,12,1,0,0,0,0,0,0
20/11/2010,w3,Penny,3,Bromus hordeaceus,0,0,1,8,1,5,0,0,25,4
20/11/2010,w3,Penny,3,Elymus scaber,0,0,1,0,0,0,1,0,0,0
20/11/2010,w3,Penny,3,Austrostipa bigeniculata,0,0,1,1,1,0,0,0,1,0
20/11/2010,w3,Penny,3,Barley grass,0,0,0,1,0,0,0,0,0,0
20/11/2010,w3,Penny,3,Bromus rubens,0,0,0,1,1,4,0,0,1,0
20/11/2010,w3,Penny,3,Trifolium arvense,0,0,0,1,0,0,1,0,0,0
20/11/2010,w3,Penny,3,Saffron thistle,0,0,0,0,4,0,0,0,0,0
20/11/2010,w3,Penny,3,Lomandra filiformis,0,0,0,0,0,0,1,1,0,1
20/11/2010,w3,Penny,3,Austrodanthonia caespitosa,0,0,0,0,0,0,0,4,1,0
20/11/2010,w3,Penny,3,Lythrum hyssopifolia,0,0,0,0,0,0,0,1,0,0
20/11/2010,w3,Penny,3,Juncus bufonius,0,0,0,0,0,0,0,1,0,0
20/11/2010,w3,Nola,4,Vulpia bromoides,30,0,0,10,0,5,0,1,10,1
20/11/2010,w3,Nola,4,Hypochaeris radicata,70,30,20,25,10,4,25,4,15,4
20/11/2010,w3,Nola,4,Bromus hordeaceus,1,0,1,10,20,0,1,1,0,1
20/11/2010,w3,Nola,4,Trifolium subterraneum,80,70,70,50,90,10,60,90,70,60
20/11/2010,w3,Nola,4,Trifolium striatum,30,10,15,30,10,30,20,20,15,4
20/11/2010,w3,Nola,4,Oxalis perennans,0,0,0,0,0,0,0,0,1,0
20/11/2010,w3,Nola,4,Trifolium arvense,1,0,0,0,0,1,0,0,0,1
20/11/2010,w3,Nola,4,Lythrum hyssopifolia,1,0,0,0,0,0,0,4,0,0
20/11/2010,w3,Nola,4,Common cudweed,1,1,0,0,0,0,0,0,0,0
20/11/2010,w3,Nola,4,Erodium pink,1,1,4,1,1,1,0,0,1,1
20/11/2010,w3,Nola,4,Aira cupaniana,1,0,0,0,0,0,0,0,0,0
20/11/2010,w3,Nola,4,Trifolium angustifolium,1,0,0,0,0,0,0,0,0,0
20/11/2010,w3,Nola,4,Erodium blue,0,15,0,0,0,0,10,0,4,0
20/11/2010,w3,Nola,4,Microlaena stipoides,0,1,40,40,1,20,10,0,0,40
20/11/2010,w3,Nola,4,Holcus lanatus,0,1,0,0,0,0,0,0,0,0
20/11/2010,w3,Nola,4,Austrostipa bigeniculata,0,10,1,0,0,0,0,0,0,0
20/11/2010,w3,Nola,4,Bare ground,0,1,0,0,0,0,0,0,0,0
20/11/2010,w3,Nola,4,Grass litter,0,0,0,0,0,0,0,0,0,0
20/11/2010,w3,Nola,4,Austrostipa bigeniculata,0,0,1,0,0,0,0,0,1,0
20/11/2010,w3,Nola,4,Avena sativa,0,0,20,0,0,1,0,0,0,1
20/11/2010,w3,Nola,4,Vulpia muralis,1,0,1,0,0,0,0,0,0,0
20/11/2010,w3,Nola,4,Plantago lanceolata,1,0,0,0,0,0,0,1,0,0
20/11/2010,w3,Nola,4,Elymus scaber,0,1,0,0,0,0,0,0,0,0
20/11/2010,w3,Nola,4,Austrodanthonia caespitosa,0,1,0,0,0,0,0,0,0,0
20/11/2010,w3,Nola,4,Bromus rubens,0,0,0,0,0,0,0,1,0,0
20/11/2010,w3,Nola,4,Capeweed,0,0,0,0,0,0,1,1,0,0
20/11/2010,w3,Nola,4,Austrodanthonia racemosa,0,0,0,0,0,0,4,4,4,1
20/11/2010,w3,Nola,4,Geranium antrorsum,0,0,0,0,0,0,0,1,0,0
20/11/2010,w3,Nola,4,Trifolium angustifolium,0,0,0,0,0,0,0,0,0,1
20/11/2010,s1,don,3,Austrostipa scabra,90,80,100,90,0,30,8,20,30,0
20/11/2010,s1,don,3,Hypochaeris radicata,20,10,8,90,16,20,0,24,8,8
20/11/2010,s1,don,3,Vulpia muralis,4,0,16,70,70,10,0,30,30,60
20/11/2010,s1,don,3,Avena sativa,1,40,4,4,60,16,50,12,16,0
20/11/2010,s1,don,3,Erodium blue,0,0,0,4,1,0,0,0,0,0
20/11/2010,s1,don,3,Sub clover,0,8,10,60,8,40,8,90,40,90
20/11/2010,s1,don,3,Crassula sieberiana,0,0,1,1,0,0,0,0,16,1
20/11/2010,s1,don,3,Austrostipa bigeniculata,6,0,0,0,0,0,0,0,0,0
20/11/2010,s1,don,3,Acetocella vulgaris,20,20,16,0,0,0,12,0,0,0
20/11/2010,s1,don,3,Grass litter,16,8,8,4,8,4,4,0,8,0
20/11/2010,s1,don,3,Leaf litter,0,0,0,0,0,0,0,1,1,0
20/11/2010,s1,don,3,Bare ground,4,4,4,0,4,0,25,0,4,0
20/11/2010,s1,don,3,Rock,20,4,0,0,0,0,8,0,4,0
20/11/2010,s1,don,3,Bromus diandrus,0,16,4,0,12,8,0,0,16,16
20/11/2010,s1,don,3,Skeleton weed,0,8,0,0,0,16,0,0,1,12
20/11/2010,s1,don,3,Oxalis perennans,0,4,4,0,0,0,1,0,4,0
20/11/2010,s1,don,3,Vulpia bromoides,0,0,0,0,0,0,0,0,0,12
20/11/2010,s1,don,3,Trifolium arvense,0,0,0,0,4,0,0,0,0,0
20/11/2010,s1,don,3,Petrorhagia nanteuilii,0,0,0,0,0,1,8,0,0,0
20/11/2010,s1,don,3,Pentaschistis airoides,0,0,0,0,0,0,8,0,0,0
20/11/2010,s1,don,3,Patterson's curse,0,0,0,0,0,0,0,0,0,0
20/11/2010,s1,don,3,Microlaena stipoides,0,0,0,0,0,0,0,0,0,30
20/11/2010,s1,don,1,Avena sativa,1,50,50,4,0,90,20,100,80,1
20/11/2010,s1,don,1,Austrostipa scabra,100,75,60,16,70,50,50,40,50,50
20/11/2010,s1,don,1,Hypochaeris radicata,60,12,50,50,14,8,4,25,16,50
20/11/2010,s1,don,1,Bromus diandrus,0,0,4,0,0,70,1,15,1,75
20/11/2010,s1,don,1,Skeleton weed,0,4,8,0,1,1,4,0,0,0
20/11/2010,s1,don,1,Sub clover,4,0,25,24,20,4,1,70,75,80
20/11/2010,s1,don,1,Barley grass,0,0,1,0,0,0,0,0,0,0
20/11/2010,s1,don,1,Oxalis perennans,1,1,1,1,0,4,0,0,0,1
20/11/2010,s1,don,1,Bare ground,4,4,8,4,0,0,25,1,0,8
20/11/2010,s1,don,1,Grass litter,8,20,8,4,0,20,1,4,0,0
20/11/2010,s1,don,1,Erodium pink,0,0,0,0,1,0,0,0,0,0
20/11/2010,s1,don,1,Erodium blue,0,0,0,0,60,0,0,0,0,0
20/11/2010,s1,don,1,Petrorhagia nanteuilii,0,0,0,0,4,0,0,0,0,0
20/11/2010,s1,don,1,Vulpia muralis,1,0,0,60,70,0,0,0,25,30
20/11/2010,s1,don,1,Rock,4,8,0,0,1,0,16,0,0,4
20/11/2010,s1,don,1,Crassula sieberiana,0,0,0,1,1,0,0,0,0,1
20/11/2010,s1,don,1,Trifolium glomeratum,1,0,0,0,1,0,0,0,0,0
20/11/2010,s1,don,1,Acetocella vulgaris,1,16,0,0,0,4,0,0,0,12
20/11/2010,s1,don,1,Plantago lanceolata,1,0,0,0,0,0,0,0,0,0
20/11/2010,s1,don,1,Pentaschistis airoides,0,0,0,8,0,0,0,0,0,0
20/11/2010,s1,don,1,Vulpia bromoides,0,0,0,0,0,0,0,0,4,0
20/11/2010,s1,don,1,Microlaena stipoides,0,0,0,0,0,0,0,0,0,8
20/11/2010,s1,don,4,Acetocella vulgaris,1,1,12,0,4,0,0,0,0,0
20/11/2010,s1,don,4,Austrostipa scabra,50,50,50,90,80,90,10,25,60,20
20/11/2010,s1,don,4,Avena sativa,1,50,1,1,80,70,90,4,90,8
20/11/2010,s1,don,4,Bare ground,1,1,8,0,0,0,0,4,1,0
20/11/2010,s1,don,4,Bromus diandrus,0,4,1,0,1,4,4,0,8,70
20/11/2010,s1,don,4,Crassula sieberiana,0,0,0,0,1,0,0,0,0,0
20/11/2010,s1,don,4,Erodium blue,0,0,0,4,1,0,0,0,0,0
20/11/2010,s1,don,4,Grass litter,8,20,15,0,0,20,12,0,30,0
20/11/2010,s1,don,4,Hypochaeris radicata,16,8,12,60,16,20,8,30,30,4
20/11/2010,s1,don,4,Microlaena stipoides,0,0,0,0,0,0,0,4,0,0
20/11/2010,s1,don,4,Oxalis perennans,0,1,1,0,0,0,0,0,1,1
20/11/2010,s1,don,4,Patterson's curse,0,0,0,0,0,0,1,0,0,0
20/11/2010,s1,don,4,Petrorhagia nanteuilii,0,0,0,4,0,0,1,0,0,0
20/11/2010,s1,don,4,Plantago lanceolata,0,0,0,0,0,0,0,0,0,0
20/11/2010,s1,don,4,Rock,25,8,0,0,4,0,1,0,1,0
20/11/2010,s1,don,4,Skeleton weed,0,0,0,0,4,16,0,0,0,4
20/11/2010,s1,don,4,Trifolium subterraneum,1,4,8,75,4,80,4,80,4,90
20/11/2010,s1,don,4,Trifolium arvense,0,0,0,0,4,0,0,0,0,0
20/11/2010,s1,don,4,Trifolium glomeratum,0,0,0,4,0,0,0,0,0,0
20/11/2010,s1,don,4,Vulpia muralis,0,0,4,50,25,12,0,90,70,8
20/11/2010,w3,don,1,Trifolium angustifolium,0,0,1,0,0,0,0,0,0,0
20/11/2010,w3,don,1,Aira elegantissima,1,0,0,0,0,50,0,0,0,1
20/11/2010,w3,don,1,Austrodanthonia caespitosa,1,0,0,0,0,0,0,1,0,0
20/11/2010,w3,don,1,Austrodanthonia pilosa,0,0,0,0,0,4,0,0,0,0
20/11/2010,w3,don,1,Austrodanthonia racemosa,0,0,0,0,0,0,1,1,0,0
20/11/2010,w3,don,1,Austrostipa bigeniculata,1,0,8,1,0,0,1,1,0,0
20/11/2010,w3,don,1,Austrostipa bigeniculata,8,16,0,0,0,0,0,0,0,0
20/11/2010,w3,don,1,Avena sativa,1,0,60,1,0,1,0,0,0,1
20/11/2010,w3,don,1,Desmodium varians,0,0,0,0,0,0,0,0,0,1
20/11/2010,w3,don,1,Bothriochloa macra,0,0,0,0,0,0,0,0,0,8
20/11/2010,w3,don,1,Geranium antrorsum,0,0,0,0,0,0,0,1,16,0
20/11/2010,w3,don,1,Bromus hordeaceus,4,1,1,4,4,4,0,0,0,1
20/11/2010,w3,don,1,Bromus rubens,0,0,0,0,1,1,0,0,1,0
20/11/2010,w3,don,1,Capeweed,0,0,0,1,0,0,0,30,0,0
20/11/2010,w3,don,1,Common cudweed,0,0,0,1,0,4,1,0,0,0
20/11/2010,w3,don,1,Crassula sieberiana,0,0,0,0,0,0,0,1,0,0
20/11/2010,w3,don,1,Elymus scaber,0,0,1,0,0,1,0,0,0,0
20/11/2010,w3,don,1,Erodium blue,0,0,0,1,1,4,0,0,0,0
20/11/2010,w3,don,1,Erodium pink,0,1,0,0,0,0,0,0,0,4
20/11/2010,w3,don,1,Grass litter,0,0,1,0,0,0,0,0,30,0
20/11/2010,w3,don,1,Hypochaeris radicata,10,20,60,20,25,90,30,25,0,8
20/11/2010,w3,don,1,Juncus bufonius,0,0,0,0,0,0,0,1,0,0
20/11/2010,w3,don,1,Lomandra filiformis,0,0,0,1,0,1,4,0,4,0
20/11/2010,w3,don,1,Microlaena stipoides,12,8,24,4,8,20,16,0,0,4
20/11/2010,w3,don,1,Oval creeper,0,0,0,0,0,35,0,0,0,0
20/11/2010,w3,don,1,Oxalis perennans,1,0,0,0,0,0,1,0,0,1
20/11/2010,w3,don,1,Plantago lanceolata,0,0,0,0,0,0,0,1,0,0
20/11/2010,w3,don,1,Lythrum hyssopifolia,1,0,0,0,0,0,0,1,0,0
20/11/2010,w3,don,1,Rock,0,0,1,0,0,0,0,0,0,0
20/11/2010,w3,don,1,Saffron thistle,0,0,0,0,40,0,0,0,80,1
20/11/2010,w3,don,1,Trifolium arvense,0,0,1,1,0,1,1,0,4,1
20/11/2010,w3,don,1,Trifolium striatum,16,8,12,1,30,1,10,0,16,1
20/11/2010,w3,don,1,Trifolium subterraneum,90,100,70,60,40,1,90,90,0,100
20/11/2010,w3,don,1,Vulpia bromoides,1,1,0,1,8,8,1,1,1,0
20/11/2010,w3,don,1,Vulpia muralis,10,4,0,1,0,30,0,0,0,4
21/11/2010,s3,Selga Harrington,1,Austrodanthonia caespitosa,4,0,0,0,0,0,0,0,0,0
21/11/2010,s3,Selga Harrington,1,Vulpia bromoides,4,10,4,11,0,1,1,20,50,8
21/11/2010,s3,Selga Harrington,1,Hypochaeris radicata,85,70,50,90,10,75,40,30,80,90
21/11/2010,s3,Selga Harrington,1,Bromus hordeaceus,1,0,0,0,4,1,0,4,0,90
21/11/2010,s3,Selga Harrington,1,Microlaena stipoides,8,40,0,1,0,0,0,4,0,15
21/11/2010,s3,Selga Harrington,1,Elymus scaber,1,0,0,0,0,0,0,0,0,0
21/11/2010,s3,Selga Harrington,1,Aira cupaniana,90,80,40,90,0,4,20,4,4,20
21/11/2010,s3,Selga Harrington,1,Saffron thistle,1,4,45,1,40,1,0,1,4,70
21/11/2010,s3,Selga Harrington,1,Common cudweed,1,0,0,1,0,0,0,0,0,0
21/11/2010,s3,Selga Harrington,1,Parentucellia latifolia,1,0,1,0,0,0,0,0,0,0
21/11/2010,s3,Selga Harrington,1,Juncus bufonius,70,25,0,8,0,1,1,0,1,0
21/11/2010,s3,Selga Harrington,1,Trifolium arvense,4,0,1,1,0,30,10,4,4,1
21/11/2010,s3,Selga Harrington,1,Trifolium glomeratum,4,0,40,1,1,0,4,4,4,50
21/11/2010,s3,Selga Harrington,1,Trifolium striatum,8,0,0,1,0,0,0,0,0,0
21/11/2010,s3,Selga Harrington,1,Trifolium subterraneum,8,80,40,25,90,8,24,50,30,0
21/11/2010,s3,Selga Harrington,1,Oxalis perennans,1,1,0,0,0,0,0,0,0,0
21/11/2010,s3,Selga Harrington,1,Acetocella vulgaris,0,1,0,0,0,0,1,0,0,0
21/11/2010,s3,Selga Harrington,1,Elymus scaber,0,20,1,0,0,1,0,0,0,30
21/11/2010,s3,Selga Harrington,1,Lomandra filiformis,0,0,1,1,0,1,1,0,1,0
21/11/2010,s3,Selga Harrington,1,Austrodanthonia laevis,20,1,4,20,0,8,0,0,20,0
21/11/2010,s3,Selga Harrington,1,Microtis unifolia,0,1,0,1,0,0,0,0,1,0
21/11/2010,s3,Selga Harrington,1,Austrodanthonia caespitosa,0,20,0,0,0,0,10,4,0,0
21/11/2010,s3,Selga Harrington,1,Themeda australis,0,1,1,0,1,0,0,0,0,0
21/11/2010,s3,Selga Harrington,1,Briza minor,0,1,0,0,0,0,0,4,0,0
21/11/2010,s3,Selga Harrington,1,Plantago lanceolata,0,0,1,0,1,0,0,0,1,0
21/11/2010,s3,Selga Harrington,1,Austrostipa bigeniculata,0,1,1,0,40,1,0,0,0,0
21/11/2010,s3,Selga Harrington,1,Trifolium angustifolium,0,0,1,1,0,0,0,1,0,0
21/11/2010,s3,Selga Harrington,1,Trifolium dubium,0,0,1,0,0,0,1,0,1,0
21/11/2010,s3,Selga Harrington,1,Wahlenbergia multicaulis,0,0,0,0,0,1,0,0,0,0
21/11/2010,s3,Selga Harrington,1,Petrorhagia nanteuilii,0,0,0,0,0,1,0,0,0,0
21/11/2010,s3,Selga Harrington,1,Desmodium varians,0,0,0,0,0,1,0,0,0,0
21/11/2010,s3,Selga Harrington,1,Crassula sieberiana,0,0,0,0,0,1,1,1,1,0
21/11/2010,s3,Selga Harrington,1,Erodium pink,0,0,0,0,0,0,0,0,1,0
21/11/2010,s3,Selga Harrington,1,Bromus rubens,0,0,0,0,0,0,0,0,0,1
21/11/2010,s3,Selga Harrington,1,Bare ground,0,4,0,0,0,0,4,1,0,0
21/11/2010,s3,Andrew Martin,4,Brachyscombe risidula,0,0,0,0,0,0,0,0,1,0
21/11/2010,s3,Andrew Martin,4,Hypochaeris radicata,40,60,50,60,70,50,70,90,90,35
21/11/2010,s3,Andrew Martin,4,Austrodanthonia caespitosa,1,1,0,4,0,0,10,0,1,1
21/11/2010,s3,Andrew Martin,4,Austrodanthonia laevis,0,4,0,0,0,1,4,1,1,1
21/11/2010,s3,Andrew Martin,4,Vulpia bromoides,50,20,30,15,1,15,1,4,4,10
21/11/2010,s3,Andrew Martin,4,Bromus hordeaceus,10,0,10,15,0,10,1,0,5,0
21/11/2010,s3,Andrew Martin,4,Microlaena stipoides,40,40,10,10,1,5,1,1,1,4
21/11/2010,s3,Andrew Martin,4,Elymus scaber,1,0,0,0,0,0,0,0,0,0
21/11/2010,s3,Andrew Martin,4,Aira cupaniana,30,30,40,15,20,50,50,35,15,20
21/11/2010,s3,Andrew Martin,4,Saffron thistle,0,10,15,0,15,15,5,5,5,20
21/11/2010,s3,Andrew Martin,4,Common cudweed,0,0,0,0,0,0,1,0,0,0
21/11/2010,s3,Andrew Martin,4,Juncus bufonius,0,50,0,0,0,0,0,0,0,0
21/11/2010,s3,Andrew Martin,4,Trifolium arvense,1,15,8,4,25,8,8,10,4,0
21/11/2010,s3,Andrew Martin,4,Trifolium glomeratum,4,1,1,0,4,0,6,5,4,4
21/11/2010,s3,Andrew Martin,4,Trifolium subterraneum,70,60,60,90,50,75,30,10,30,60
21/11/2010,s3,Andrew Martin,4,Lythrum hyssopifolia,1,1,0,0,0,0,4,0,0,0
21/11/2010,s3,Andrew Martin,4,Elymus scaber,0,0,4,0,1,1,1,1,4,0
21/11/2010,s3,Andrew Martin,4,Trifolium striatum,10,15,4,8,10,0,0,4,0,30
21/11/2010,s3,Andrew Martin,4,Austrostipa bigeniculata,0,0,0,0,4,4,4,1,4,0
21/11/2010,s3,Andrew Martin,4,Microtis unifolia,0,0,0,0,0,0,5,0,0,0
21/11/2010,s3,Andrew Martin,4,Vulpia muralis,0,0,0,40,1,0,1,0,4,4
21/11/2010,s3,Andrew Martin,4,Trifolium angustifolium,0,1,0,0,0,1,0,0,0,4
21/11/2010,s3,Andrew Martin,4,Crassula sieberiana,0,1,0,0,0,0,0,0,0,0
21/11/2010,s3,Andrew Martin,4,Wurmbia dioica,0,1,1,0,0,0,0,0,0,0
21/11/2010,s3,Andrew Martin,4,Holcus lanatus,0,1,0,0,0,0,0,0,0,0
21/11/2010,s3,Andrew Martin,4,Lomandra filiformis,0,1,0,0,0,0,4,4,0,0
21/11/2010,s3,Andrew Martin,4,Grass litter,0,0,0,0,0,0,4,0,0,0
21/11/2010,s3,Andrew Martin,4,Bare ground,0,0,0,0,0,0,0,10,0,0
21/11/2010,s3,Andrew Martin,4,Trifolium dubium,0,0,1,0,1,0,0,0,0,0
21/11/2010,s3,Andrew Martin,4,Plantago lanceolata,0,0,12,0,0,0,0,0,0,0
21/11/2010,s3,Andrew Martin,4,Lolium perenne,0,0,1,0,0,0,0,0,0,0
21/11/2010,s3,Andrew Martin,4,Trifolium glomeratum,0,0,0,1,0,0,0,0,0,0
21/11/2010,s3,Andrew Martin,4,Acetocella vulgaris,0,0,0,4,0,0,0,0,0,0
21/11/2010,s3,Andrew Martin,4,Petrorhagia nanteuilii,0,0,0,4,0,1,0,0,0,0
21/11/2010,s3,Andrew Martin,4,Capeweed,0,0,0,1,1,1,0,0,0,0
21/11/2010,s3,Andrew Martin,4,Desmodium varians,0,0,0,0,0,1,0,0,0,0
21/11/2010,s3,Andrew Martin,4,Triptilodiscus pygmaeus,0,0,0,0,0,0,4,0,0,0
21/11/2010,s3,Andrew Martin,4,Acaena agnipila,0,0,0,0,0,0,0,1,0,0
21/11/2010,s3,Huw Morgan,3,Hypochaeris radicata,85,90,90,85,90,85,60,45,50,25
21/11/2010,s3,Huw Morgan,3,Vulpia bromoides,10,4,0,16,20,4,0,10,35,50
21/11/2010,s3,Huw Morgan,3,Austrodanthonia caespitosa,15,25,0,0,0,0,0,0,0,0
21/11/2010,s3,Huw Morgan,3,Austrodanthonia laevis,0,0,8,16,0,8,12,8,4,1
21/11/2010,s3,Huw Morgan,3,Bromus hordeaceus,2,30,1,0,1,8,1,8,0,1
21/11/2010,s3,Huw Morgan,3,Microlaena stipoides,0,1,0,40,4,0,0,8,12,0
13/11/2010,s3,Don,2,Aira elegantissima,0,0,1,0,0,0,0,0,0,0
13/11/2010,s3,Don,2,Aira caryophyllea,0,0,1,0,0,0,0,0,0,0
21/11/2010,s3,Huw Morgan,3,Aira cupaniana,45,50,60,60,10,35,4,20,12,8
21/11/2010,s3,Huw Morgan,3,Saffron thistle,1,25,8,1,15,0,4,25,8,1
21/11/2010,s3,Huw Morgan,3,Common cudweed,0,4,0,0,0,0,0,0,0,0
21/11/2010,s3,Huw Morgan,3,Parentucellia latifolia,1,0,1,0,0,0,0,0,0,0
21/11/2010,s3,Huw Morgan,3,Juncus bufonius,75,16,0,0,0,0,6,0,10,0
21/11/2010,s3,Huw Morgan,3,Trifolium glomeratum,12,10,4,4,8,6,15,15,6,10
21/11/2010,s3,Huw Morgan,3,Trifolium striatum,4,10,4,1,6,0,0,10,1,25
21/11/2010,s3,Huw Morgan,3,Oxalis perennans,0,0,1,0,0,4,1,0,0,1
21/11/2010,s3,Huw Morgan,3,Lythrum hyssopifolia,25,0,0,0,0,0,0,0,0,0
21/11/2010,s3,Huw Morgan,3,Vulpia muralis,25,10,0,0,0,1,0,4,20,8
21/11/2010,s3,Huw Morgan,3,Elymus scaber,0,1,1,6,0,20,0,0,1,1
21/11/2010,s3,Huw Morgan,3,Trifolium subterraneum,50,30,20,45,35,8,0,60,85,60
21/11/2010,s3,Huw Morgan,3,Trifolium arvense,40,16,1,4,16,10,16,4,1,0
21/11/2010,s3,Huw Morgan,3,Microtis unifolia,0,1,0,1,0,0,0,1,0,0
21/11/2010,s3,Huw Morgan,3,Lolium perenne,0,1,0,1,0,0,0,0,0,0
21/11/2010,s3,Huw Morgan,3,Arctotheca calendula,0,1,0,1,0,0,0,0,0,1
21/11/2010,s3,Huw Morgan,3,Panicum effusum,0,4,0,0,0,0,0,0,0,0
21/11/2010,s3,Huw Morgan,3,Trifolium angustifolium,0,0,1,0,0,0,0,0,0,1
21/11/2010,s3,Huw Morgan,3,Austrostipa bigeniculata,0,4,4,0,8,1,4,1,0,0
21/11/2010,s3,Huw Morgan,3,Lomandra filiformis,0,0,1,0,0,0,25,1,0,4
21/11/2010,s3,Huw Morgan,3,Crassula sieberiana,0,0,1,0,0,0,1,0,0,0
21/11/2010,s3,Huw Morgan,3,Bare ground,0,0,1,1,0,4,12,1,0,0
21/11/2010,s3,Huw Morgan,3,Trifolium dubium,0,0,0,1,1,0,0,0,1,1
21/11/2010,s3,Huw Morgan,3,Petrorhagia nanteuilii,0,0,0,0,1,4,0,0,0,0
21/11/2010,s3,Huw Morgan,3,Desmodium varians,0,0,0,0,0,4,0,0,0,0
21/11/2010,s3,Huw Morgan,3,Wahlenbergia multicaulis,0,0,0,0,0,0,1,0,0,0
21/11/2010,s3,Huw Morgan,3,Lythrum hyssopifolia2,0,0,0,0,0,0,1,0,0,0
21/11/2010,s3,Huw Morgan,3,Plantago lanceolata,0,0,0,0,0,0,0,0,0,1
21/11/2010,s3,Huw Morgan,3,Acetocella vulgaris,0,0,0,0,0,0,0,0,0,1
21/11/2010,s5,Steven Kennedy,2,Austrostipa bigeniculata,0,0,1,8,4,4,12,8,12,12
21/11/2010,s5,Steven Kennedy,2,Austrostipa scabra,0,20,10,8,16,4,1,8,12,8
21/11/2010,s5,Steven Kennedy,2,Hypochaeris radicata,90,60,80,90,90,90,90,70,40,80
21/11/2010,s5,Steven Kennedy,2,Saffron thistle,50,1,0,6,8,0,1,0,0,0
21/11/2010,s5,Steven Kennedy,2,Common cudweed,1,4,12,1,1,4,0,0,1,1
21/11/2010,s5,Steven Kennedy,2,Triptilodiscus pygmaeus,10,8,25,12,12,16,0,4,16,4
21/11/2010,s5,Steven Kennedy,2,Trifolium arvense,4,4,8,0,8,1,10,4,6,0
21/11/2010,s5,Steven Kennedy,2,Trifolium subterraneum,12,4,1,1,4,1,10,0,4,4
21/11/2010,s5,Steven Kennedy,2,Trifolium glomeratum,0,1,1,0,0,0,1,1,0,1
21/11/2010,s5,Steven Kennedy,2,Crassula sieberiana,0,1,1,1,0,4,0,1,1,4
21/11/2010,s5,Steven Kennedy,2,Pentaschistis airoides,0,4,1,0,1,8,8,0,0,4
21/11/2010,s5,Steven Kennedy,2,Austrodanthonia caespitosa,0,4,0,0,0,1,0,0,0,0
21/11/2010,s5,Steven Kennedy,2,Austrodanthonia laevis,0,0,6,0,1,4,0,20,1,4
21/11/2010,s5,Steven Kennedy,2,Wahlenbergia multicaulis,1,1,1,4,0,0,0,0,1,0
21/11/2010,s5,Steven Kennedy,2,Erodium pink,1,1,1,4,0,0,0,0,1,0
21/11/2010,s5,Steven Kennedy,2,Vulpia bromoides,25,0,0,0,0,1,0,0,0,0
21/11/2010,s5,Steven Kennedy,2,Bromus hordeaceus,4,1,0,0,0,0,1,0,0,0
21/11/2010,s5,Steven Kennedy,2,Microlaena stipoides,4,0,0,0,0,0,1,0,0,0
21/11/2010,s5,Steven Kennedy,2,Bare ground,1,15,20,25,1,8,1,8,4,10
21/11/2010,s5,Steven Kennedy,2,Grass litter,6,4,4,4,4,8,8,4,8,4
21/11/2010,s5,Steven Kennedy,2,Aira cupaniana,12,1,1,0,1,0,0,0,4,8
21/11/2010,s5,Steven Kennedy,2,Briza minor,0,0,0,0,1,0,0,0,0,0
21/11/2010,s5,Steven Kennedy,2,Aristida ramosa,12,20,20,4,4,4,12,8,4,0
21/11/2010,s5,Steven Kennedy,2,Elymus scaber,1,0,0,0,0,0,0,0,0,0
21/11/2010,s5,Steven Kennedy,2,Austrodanthonia pilosa,1,1,0,0,0,1,0,0,0,0
21/11/2010,s5,Steven Kennedy,2,Vulpia muralis,30,4,0,0,1,0,0,0,0,0
21/11/2010,s5,Steven Kennedy,2,Unidentified grass,1,4,4,1,4,4,8,0,0,4
21/11/2010,s5,Steven Kennedy,2,Paronychia braziliana,0,1,0,0,1,0,1,0,0,0
21/11/2010,s5,Steven Kennedy,2,Lomandra filiformis,0,1,0,0,1,0,0,0,0,0
21/11/2010,s5,Steven Kennedy,2,Rock fern,0,0,0,1,0,0,0,0,0,0
21/11/2010,s5,Steven Kennedy,2,Branching cudweed,0,0,0,0,1,0,0,0,0,0
21/11/2010,s5,Steven Kennedy,2,Themeda australis,0,0,0,0,1,0,0,0,0,4
21/11/2010,s5,Steven Kennedy,2,Trifolium striatum,0,0,0,0,1,0,1,0,0,0
21/11/2010,s5,Steven Kennedy,2,Lolium perenne,0,0,0,0,0,0,1,0,0,0
21/11/2010,s5,Steven Kennedy,2,Tincy opposite,0,0,0,0,0,0,0,1,0,0
21/11/2010,s5,Vaughn Cox,3,Austrostipa bigeniculata,10,4,6,1,0,0,0,0,0,4
21/11/2010,s5,Vaughn Cox,3,Austrostipa scabra,1,4,8,35,4,0,0,25,80,75
21/11/2010,s5,Vaughn Cox,3,Hypochaeris radicata,30,85,75,30,60,100,100,90,80,90
21/11/2010,s5,Vaughn Cox,3,Saffron thistle,1,1,1,0,0,1,1,1,1,4
21/11/2010,s5,Vaughn Cox,3,Common cudweed,1,4,8,25,4,1,1,1,4,4
21/11/2010,s5,Vaughn Cox,3,Triptilodiscus pygmaeus,4,6,6,1,24,12,4,12,8,35
21/11/2010,s5,Vaughn Cox,3,Trifolium arvense,1,1,1,1,4,1,4,0,4,1
21/11/2010,s5,Vaughn Cox,3,Trifolium subterraneum,0,0,0,0,0,0,70,0,0,0
21/11/2010,s5,Vaughn Cox,3,Trifolium glomeratum,1,0,0,1,0,0,0,1,1,0
21/11/2010,s5,Vaughn Cox,3,Crassula sieberiana,1,1,1,1,1,0,0,1,0,1
21/11/2010,s5,Vaughn Cox,3,Pentaschistis airoides,1,1,1,0,1,4,0,0,0,1
21/11/2010,s5,Vaughn Cox,3,Austrodanthonia caespitosa,1,1,0,0,4,8,1,4,0,1
21/11/2010,s5,Vaughn Cox,3,Austrodanthonia laevis,1,1,4,0,10,12,1,30,0,8
21/11/2010,s5,Vaughn Cox,3,Wahlenbergia multicaulis,0,0,0,0,0,0,0,0,1,0
21/11/2010,s5,Vaughn Cox,3,Erodium blue,1,0,0,0,1,1,4,0,0,0
21/11/2010,s5,Vaughn Cox,3,Vulpia muralis,0,0,0,0,0,0,60,0,0,0
21/11/2010,s5,Vaughn Cox,3,Vulpia bromoides,0,0,0,0,4,4,4,0,0,0
21/11/2010,s5,Vaughn Cox,3,Bromus hordeaceus,0,0,0,0,0,0,0,0,0,0
21/11/2010,s5,Vaughn Cox,3,Microlaena stipoides,0,0,0,0,0,0,12,0,0,0
21/11/2010,s5,Vaughn Cox,3,Aira cupaniana,1,0,4,0,1,1,1,16,12,0
21/11/2010,s5,Vaughn Cox,3,Briza minor,0,0,0,0,0,0,0,0,0,0
21/11/2010,s5,Vaughn Cox,3,Grass litter,1,1,1,1,4,4,4,4,4,0
21/11/2010,s5,Vaughn Cox,3,Aristida ramosa,20,75,40,30,12,0,0,25,0,1
21/11/2010,s5,Vaughn Cox,3,Elymus scaber,0,0,0,0,0,1,1,0,0,0
21/11/2010,s5,Vaughn Cox,3,Themeda australis,0,0,4,0,1,1,1,0,0,4
21/11/2010,s5,Vaughn Cox,3,Austrodanthonia pilosa,0,0,0,0,0,0,0,0,0,0
21/11/2010,s5,Vaughn Cox,3,Bare ground,8,4,4,16,4,0,0,0,0,4
21/11/2010,s5,Vaughn Cox,3,Unidentified grass,1,1,0,0,0,0,0,0,0,0
21/11/2010,s5,Vaughn Cox,3,Rock fern,0,0,0,0,0,0,0,0,0,1
21/11/2010,s5,Vaughn Cox,3,Lomandra filiformis,0,0,4,0,0,0,0,0,0,0
21/11/2010,s5,Vaughn Cox,3,Acetocella vulgaris,0,0,1,0,0,0,0,0,0,0
21/11/2010,s5,Vaughn Cox,3,Spoon cudweed,0,0,1,0,0,0,0,0,0,0
21/11/2010,s5,Vaughn Cox,3,Parentucellia latifolia,0,0,0,1,0,0,0,0,0,0
21/11/2010,s5,Vaughn Cox,3,Unidentified something,0,0,0,1,0,0,0,0,0,1
21/11/2010,s5,Vaughn Cox,3,Tincy sedge,0,0,0,1,1,1,1,1,0,0
21/11/2010,s5,Vaughn Cox,3,Branching cudweed,0,0,0,0,12,12,4,0,1,1
21/11/2010,s5,Vaughn Cox,3,Panicum effusum,0,0,0,0,0,4,0,0,0,0
21/11/2010,s5,Vaughn Cox,3,Wurmbia dioica,0,0,0,0,0,1,0,0,0,0
21/11/2010,s5,Vaughn Cox,3,Centaury,0,0,0,0,0,0,1,1,0,0
21/11/2010,s5,Vaughn Cox,3,Silene gallica,0,0,0,0,0,0,0,0,4,0
21/11/2010,s5,Vaughn Cox,3,Hawkweed,0,0,0,0,0,0,0,0,0,4
21/11/2010,s5,John Fitzgerald,4,Austrostipa bigeniculata,0,0,16,0,12,1,4,4,0,4
21/11/2010,s5,John Fitzgerald,4,Austrostipa scabra,0,4,8,20,0,4,0,4,60,8
21/11/2010,s5,John Fitzgerald,4,Hypochaeris radicata,90,32,8,52,60,92,84,92,40,96
21/11/2010,s5,John Fitzgerald,4,Saffron thistle,40,1,0,0,1,1,1,0,1,1
21/11/2010,s5,John Fitzgerald,4,Common cudweed,4,20,8,1,0,1,0,8,12,1
21/11/2010,s5,John Fitzgerald,4,Triptilodiscus pygmaeus,4,4,20,1,8,8,4,4,12,32
21/11/2010,s5,John Fitzgerald,4,Trifolium arvense,4,1,1,0,8,4,40,1,1,4
21/11/2010,s5,John Fitzgerald,4,Trifolium subterraneum,12,0,0,0,4,0,25,0,0,0
21/11/2010,s5,John Fitzgerald,4,Trifolium glomeratum,1,1,0,0,4,0,1,1,4,4
21/11/2010,s5,John Fitzgerald,4,Crassula sieberiana,0,1,1,1,0,0,0,1,1,4
21/11/2010,s5,John Fitzgerald,4,Pentaschistis airoides,12,1,1,0,0,4,1,0,1,1
21/11/2010,s5,John Fitzgerald,4,Austrodanthonia caespitosa,0,0,0,0,0,0,4,0,0,0
21/11/2010,s5,John Fitzgerald,4,Austrodanthonia laevis,0,0,1,4,1,1,4,8,0,16
21/11/2010,s5,John Fitzgerald,4,Wahlenbergia multicaulis,1,1,4,0,0,0,0,1,1,0
21/11/2010,s5,John Fitzgerald,4,Erodium blue,1,0,0,0,0,1,0,0,0,0
21/11/2010,s5,John Fitzgerald,4,Vulpia muralis,0,0,0,0,20,0,12,12,1,0
21/11/2010,s5,John Fitzgerald,4,Vulpia bromoides,1,0,0,0,0,1,4,4,0,0
21/11/2010,s5,John Fitzgerald,4,Bromus hordeaceus,0,0,0,0,1,0,1,0,0,0
21/11/2010,s5,John Fitzgerald,4,Microlaena stipoides,4,0,0,0,0,4,8,0,0,0
21/11/2010,s5,John Fitzgerald,4,Aira cupaniana,8,1,0,0,4,0,0,4,8,0
21/11/2010,s5,John Fitzgerald,4,Briza minor,0,0,0,1,0,0,0,0,0,0
21/11/2010,s5,John Fitzgerald,4,Bare ground,8,12,4,40,1,4,8,12,4,4
21/11/2010,s5,John Fitzgerald,4,Grass litter,4,8,4,4,20,20,8,8,4,4
21/11/2010,s5,John Fitzgerald,4,Aristida ramosa,8,12,8,4,4,0,0,16,0,1
21/11/2010,s5,John Fitzgerald,4,Chloris truncata,1,0,0,0,0,1,0,0,0,0
21/11/2010,s5,John Fitzgerald,4,Themeda australis,1,0,1,0,0,12,0,0,0,1
21/11/2010,s5,John Fitzgerald,4,Unidentified grass,4,0,0,0,4,0,0,0,0,4
21/11/2010,s5,John Fitzgerald,4,Panicum effusum,0,1,0,0,0,0,0,0,0,0
21/11/2010,s5,John Fitzgerald,4,Bothriochloa macra,0,4,0,0,4,0,0,0,0,0
21/11/2010,s5,John Fitzgerald,4,Parentucellia latifolia,0,1,1,0,0,1,0,0,1,0
21/11/2010,s5,John Fitzgerald,4,Convolvulus erubescens,0,1,0,0,0,0,0,0,0,0
21/11/2010,s5,John Fitzgerald,4,Arctotheca calendula,0,0,1,0,1,1,0,0,1,0
21/11/2010,s5,John Fitzgerald,4,Bromus diandrus,0,0,1,0,0,0,0,0,0,0
21/11/2010,s5,John Fitzgerald,4,Elymus scaber,0,0,1,0,0,8,0,0,0,0
21/11/2010,s5,John Fitzgerald,4,Lolium perenne,0,0,1,0,0,0,0,0,0,0
21/11/2010,s5,John Fitzgerald,4,Tincy sedge,0,0,0,1,0,0,0,0,1,0
21/11/2010,s5,John Fitzgerald,4,Centaury,0,0,0,1,0,0,0,0,0,0
21/11/2010,s5,John Fitzgerald,4,Rock fern,0,0,0,0,12,0,0,0,0,0
21/11/2010,s5,John Fitzgerald,4,Bromus rubens,0,0,0,0,1,0,0,0,0,0
21/11/2010,s5,John Fitzgerald,4,Paronychia braziliana,0,0,0,0,0,0,1,0,1,0
21/11/2010,s5,John Fitzgerald,4,Lomandra filiformis,0,0,0,0,0,1,0,0,0,0
21/11/2010,s5,John Fitzgerald,4,Patterson's curse,0,0,0,0,0,0,4,0,0,0
21/11/2010,s5,John Fitzgerald,4,Hawkweed,0,0,0,0,0,0,1,0,0,0
21/11/2010,s5,John Fitzgerald,4,Wurmbia dioica,0,0,0,0,0,0,1,0,0,0
27/11/2010,w2,Group,2,Acetocella vulgaris,0,0,0,0,1,0,0,0,1,0
27/11/2010,w2,Group,2,Austrostipa scabra,0,0,0,0,0,1,0,0,0,0
27/11/2010,w2,Group,2,Avena sativa,90,100,100,100,100,100,100,90,80,90
27/11/2010,w2,Group,2,Bromus diandrus,0,0,0,8,15,60,0,1,1,0
27/11/2010,w2,Group,2,Bromus hordeaceus,20,0,0,0,0,1,4,1,0,4
27/11/2010,w2,Group,2,Convolvulus erubescens,0,0,0,0,0,0,0,1,0,0
27/11/2010,w2,Group,2,Cynoglossum suaveolens,0,0,0,0,0,0,0,0,0,0
27/11/2010,w2,Group,2,Glycine tabacina,0,0,0,0,0,0,1,0,0,0
27/11/2010,w2,Group,2,Echium plantagineum,0,0,0,0,0,4,0,0,0,0
27/11/2010,w2,Group,2,Hirschfeldia incana,0,0,0,30,50,1,0,0,0,0
27/11/2010,w2,Group,2,Hypochaeris radicata,0,0,0,4,4,0,0,1,0,0
27/11/2010,w2,Group,2,Carex inversa,0,0,0,40,0,0,0,0,0,0
27/11/2010,w2,Group,2,Microlaena stipoides,0,0,0,0,0,0,0,0,0,8
27/11/2010,w2,Group,2,Oxalis perennans,1,0,0,0,0,0,0,0,0,0
27/11/2010,w2,Group,2,Petrorhagia nanteuilii,1,0,0,0,0,0,80,1,0,0
27/11/2010,w2,Group,2,Geranium solanderi,0,0,0,15,1,1,0,8,0,1
27/11/2010,w2,Group,2,Plantago lanceolata,0,25,45,0,0,0,0,4,0,0
27/11/2010,w2,Group,2,Saffron thistle,0,0,0,0,15,80,0,0,0,0
27/11/2010,w2,Group,2,Salvia verbonaca,40,0,0,0,0,4,100,1,8,0
27/11/2010,w2,Group,2,Skeleton weed,95,50,0,8,8,0,0,1,60,4
27/11/2010,w2,Group,2,Tragopogon dubius,0,0,0,0,0,0,0,0,0,1
27/11/2010,w2,Group,2,Trifolium arvense,15,0,0,0,8,8,16,0,1,0
27/11/2010,w2,Group,2,Trifolium striatum,0,0,0,0,0,0,8,0,0,0
27/11/2010,w2,Group,2,Trifolium subterraneum,40,65,50,15,100,100,80,12,100,90
27/11/2010,w2,Group,2,Verbascum thapsus,0,0,0,0,0,0,0,1,0,0
27/11/2010,w2,Group,2,Vulpia bromoides,80,0,0,4,0,0,4,0,0,0
27/11/2010,w2,Group,2,Vulpia muralis,1,0,0,0,0,0,0,0,0,0
27/11/2010,w2,Group,2,Orobanche minor,1,0,0,0,0,0,0,0,0,0
27/11/2010,w2,Group,2,Grass litter,80,0,0,0,0,0,0,70,0,0
27/11/2010,w2,Group,2,Leaf litter,1,0,0,0,0,0,0,0,0,0
27/11/2010,w2,Group,2,Desmodium varians,0,1,0,0,0,0,0,0,0,0
27/11/2010,w2,Group,1,Avena sativa,90,100,90,100,80,100,70,100,90,80
27/11/2010,w2,Group,1,Plantago lanceolata,10,0,20,8,8,40,0,1,0,0
27/11/2010,w2,Group,1,Skeleton weed,5,0,5,30,4,0,0,12,4,4
27/11/2010,w2,Group,1,Petrorhagia nanteuilii,0,0,0,1,0,1,80,0,1,0
27/11/2010,w2,Group,1,Salvia verbonaca,30,0,4,0,0,0,80,1,1,0
27/11/2010,w2,Group,1,Bromus diandrus,0,0,0,0,20,30,0,4,4,1
27/11/2010,w2,Group,1,Bromus hordeaceus,0,0,0,0,8,1,4,0,1,0
27/11/2010,w2,Group,1,Orobanche minor,0,0,0,0,0,0,0,0,0,0
27/11/2010,w2,Group,1,Vulpia bromoides,0,0,0,20,0,8,30,0,0,0
27/11/2010,w2,Group,1,Vulpia muralis,0,0,0,0,0,0,0,0,0,0
27/11/2010,w2,Group,1,Oxalis perennans,0,0,0,1,1,0,1,0,0,0
27/11/2010,w2,Group,1,Trifolium subterraneum,50,95,85,100,80,80,80,12,80,100
27/11/2010,w2,Group,1,Trifolium arvense,0,0,0,0,8,12,24,0,4,0
27/11/2010,w2,Group,1,Geranium solanderi,0,0,5,1,20,12,0,0,0,0
27/11/2010,w2,Group,1,Glycine tabacina,0,0,0,8,0,8,0,0,0,0
27/11/2010,w2,Group,1,Saffron thistle,0,0,10,0,16,60,0,0,0,0
27/11/2010,w2,Group,1,Cynoglossum suaveolens,0,0,0,1,0,0,0,0,0,0
27/11/2010,w2,Group,1,Geranium solanderi,0,0,1,0,0,1,0,0,0,0
27/11/2010,w2,Group,1,Hypochaeris radicata,0,0,0,1,0,4,0,0,0,0
27/11/2010,w2,Group,1,Hirschfeldia incana,0,0,0,0,12,8,0,0,0,0
27/11/2010,w2,Group,1,Acetocella vulgaris,0,45,0,0,0,8,0,0,0,0
27/11/2010,w2,Group,1,Panicum effusum,0,0,0,0,0,1,4,0,0,0
27/11/2010,w2,Group,1,Carex inversa,0,0,0,0,0,0,0,30,0,0
27/11/2010,w2,Group,1,Convolvulus erubescens,1,0,0,0,0,0,0,0,4,0
27/11/2010,w2,Group,1,Tragopogon dubius,0,0,5,0,0,0,0,0,0,0
27/11/2010,w2,Group,1,Grass litter,1,0,0,0,0,0,0,0,0,0
27/11/2010,w2,don,3,Avena sativa,100,100,100,100,100,70,100,100,80,100
27/11/2010,w2,don,3,Grass litter,20,30,10,20,60,4,50,80,0,70
27/11/2010,w2,don,3,Plantago lanceolata,12,4,50,8,0,100,8,8,25,0
27/11/2010,w2,don,3,Skeleton weed,12,0,12,8,0,0,4,0,4,8
27/11/2010,w2,don,3,Petrorhagia nanteuilii,0,0,0,12,0,0,75,0,1,0
27/11/2010,w2,don,3,Salvia verbonaca,8,0,0,0,0,0,20,4,25,0
27/11/2010,w2,don,3,Bromus diandrus,1,8,2,90,80,60,0,0,1,8
27/11/2010,w2,don,3,Bromus hordeaceus,0,0,0,0,0,0,4,1,0,1
27/11/2010,w2,don,3,Orobanche minor,0,0,0,0,0,0,0,0,4,0
27/11/2010,w2,don,3,Vulpia bromoides,0,0,0,80,0,8,0,1,0,1
27/11/2010,w2,don,3,Vulpia muralis,0,0,0,1,0,0,0,0,0,0
27/11/2010,w2,don,3,Oxalis perennans,0,0,0,4,0,1,4,0,0,0
27/11/2010,w2,don,3,Trifolium subterraneum,60,100,100,0,70,100,70,0,100,90
27/11/2010,w2,don,3,Trifolium arvense,0,0,0,4,8,4,16,0,0,0
27/11/2010,w2,don,3,Acetocella vulgaris,1,0,1,0,0,16,0,0,0,12
27/11/2010,w2,don,3,Cynoglossum suaveolens,4,0,0,4,0,0,0,0,0,1
27/11/2010,w2,don,3,Hirschfeldia incana,0,8,4,0,0,0,0,0,0,0
27/11/2010,w2,don,3,Nodding thistle,0,0,1,0,0,0,0,0,0,0
27/11/2010,w2,don,3,Geranium solanderi,0,0,0,0,0,8,0,12,1,1
27/11/2010,w2,don,3,Saffron thistle,0,0,0,4,80,4,0,0,0,0
27/11/2010,w2,don,3,Hypochaeris radicata,0,0,0,1,0,0,0,0,0,4
27/11/2010,w2,don,3,Microlaena stipoides,0,0,0,8,0,0,0,0,0,0
27/11/2010,w2,don,3,Trifolium glomeratum,0,0,0,0,0,8,0,0,0,0
27/11/2010,w2,don,3,Branching tangle,0,0,0,0,0,0,0,4,0,0
27/11/2010,w2,don,3,Convolvulus erubescens,0,0,0,0,0,0,0,0,4,0
27/11/2010,w2,don,3,Desmodium varians,0,0,0,0,0,0,0,0,1,0
27/11/2010,w2,don,3,Trifolium striatum,0,0,0,0,0,0,4,0,0,0
27/11/2010,w2,Steven Kennedy,4,Avena sativa,95,90,80,90,90,50,70,90,90,90
27/11/2010,w2,Steven Kennedy,4,Plantago lanceolata,6,80,16,0,1,20,0,6,4,1
27/11/2010,w2,Steven Kennedy,4,Skeleton weed,6,0,1,8,4,0,1,1,4,4
27/11/2010,w2,Steven Kennedy,4,Petrorhagia nanteuilii,1,0,0,0,1,1,6,0,0,0
27/11/2010,w2,Steven Kennedy,4,Salvia verbonaca,1,0,1,0,0,0,16,8,6,0
27/11/2010,w2,Steven Kennedy,4,Bromus diandrus,1,1,0,4,4,1,1,1,1,4
27/11/2010,w2,Steven Kennedy,4,Bromus hordeaceus,1,1,1,0,0,0,0,0,1,1
27/11/2010,w2,Steven Kennedy,4,Orobanche minor,0,0,0,0,0,0,0,0,1,0
27/11/2010,w2,Steven Kennedy,4,Vulpia bromoides,1,0,0,0,0,0,0,0,0,0
27/11/2010,w2,Steven Kennedy,4,Vulpia muralis,0,0,0,0,0,0,1,0,0,0
27/11/2010,w2,Steven Kennedy,4,Oxalis perennans,0,0,0,0,1,0,0,0,0,0
27/11/2010,w2,Steven Kennedy,4,Trifolium subterraneum,40,40,25,20,40,80,60,50,50,60
27/11/2010,w2,Steven Kennedy,4,Trifolium arvense,0,0,0,0,1,1,4,1,0,0
27/11/2010,w2,Steven Kennedy,4,Tragopogon dubius,0,0,0,1,0,0,0,0,0,0
27/11/2010,w2,Steven Kennedy,4,Acetocella vulgaris,0,1,0,1,0,1,0,0,0,1
27/11/2010,w2,Steven Kennedy,4,Microlaena stipoides,0,0,0,1,0,0,0,0,0,0
27/11/2010,w2,Steven Kennedy,4,Bare ground,0,0,0,0,0,0,0,0,0,0
27/11/2010,w2,Steven Kennedy,4,Grass litter,20,20,15,25,10,5,30,15,10,10
27/11/2010,w2,Steven Kennedy,4,Hirschfeldia incana,0,0,0,1,0,0,0,0,0,0
27/11/2010,w2,Steven Kennedy,4,Lomandra filiformis,1,0,0,0,0,0,0,0,0,0
27/11/2010,w2,Steven Kennedy,4,Carex inversa,0,0,0,0,1,0,0,0,0,0
27/11/2010,w2,Steven Kennedy,4,Saffron thistle,0,0,0,0,8,1,0,0,1,0
27/11/2010,w2,Steven Kennedy,4,Geranium solanderi,0,0,0,0,1,4,0,0,0,1
27/11/2010,w2,Steven Kennedy,4,Hypochaeris radicata,0,0,0,0,1,0,1,1,0,0
27/11/2010,w2,Steven Kennedy,4,Convolvulus erubescens,0,0,0,0,0,1,0,0,0,0
27/11/2010,w2,Steven Kennedy,4,Trifolium striatum,0,0,0,0,0,0,0,1,0,0
27/11/2010,w2,Steven Kennedy,4,Carex inversa,0,0,0,0,0,0,0,0,1,0
25/11/2010,s2,don,1,Trifolium angustifolium,0,0,0,0,0,0,0,0,0,0
25/11/2010,s2,don,1,Acaena agnipila,0,0,8,0,4,0,4,4,0,0
25/11/2010,s2,don,1,Acetocella vulgaris,0,0,4,1,4,0,1,0,0,0
25/11/2010,s2,don,1,Aira cupaniana,0,0,0,0,0,40,0,0,1,0
25/11/2010,s2,don,1,Pentaschistis airoides,0,0,0,1,0,4,0,0,1,1
25/11/2010,s2,don,1,Aristida ramosa,0,0,0,0,8,0,0,4,0,4
25/11/2010,s2,don,1,Austrodanthonia laevis,0,0,0,0,0,0,0,0,4,0
25/11/2010,s2,don,1,Austrostipa bigeniculata,4,0,0,0,1,0,0,0,0,0
25/11/2010,s2,don,1,Austrostipa scabra,0,0,0,0,4,40,0,0,4,1
25/11/2010,s2,don,1,Avena sativa,0,4,1,0,1,0,0,1,0,0
25/11/2010,s2,don,1,Sheeps burr,1,1,0,0,0,0,1,0,1,0
25/11/2010,s2,don,1,Bare ground,4,0,0,4,0,4,0,0,1,0
25/11/2010,s2,don,1,Wahlenbergia stricta,0,0,1,1,0,0,0,0,0,0
25/11/2010,s2,don,1,Glycine tabacina,0,0,0,0,0,0,0,0,0,0
25/11/2010,s2,don,1,Bromus hordeaceus,4,0,12,4,0,0,4,4,0,4
25/11/2010,s2,don,1,Bromus rubens,0,0,0,0,0,0,0,0,0,1
25/11/2010,s2,don,1,Bulbine bulbosa,0,0,0,0,0,0,0,0,0,0
25/11/2010,s2,don,1,Convolvulus erubescens,0,1,1,0,4,0,4,1,0,0
25/11/2010,s2,don,1,Cymbonotus preissianus,0,0,0,0,0,0,0,0,0,0
25/11/2010,s2,don,1,Cynoglossum suaveolens,4,0,0,4,0,0,0,0,0,0
25/11/2010,s2,don,1,Desmodium varians,0,4,1,0,0,1,1,4,0,0
25/11/2010,s2,don,1,Elymus scaber,1,0,4,0,0,4,0,0,0,0
25/11/2010,s2,don,1,Poa sieberiana,4,12,4,0,1,0,0,0,0,0
25/11/2010,s2,don,1,Gnaphalium spicatum,0,0,0,0,0,0,0,0,0,0
25/11/2010,s2,don,1,Geranium solanderi,0,1,1,0,0,0,0,0,0,0
25/11/2010,s2,don,1,Grass litter,0,0,0,0,0,0,0,0,0,0
25/11/2010,s2,don,1,Hawk weed,0,0,0,0,0,0,0,0,0,0
25/11/2010,s2,don,1,Hypochaeris radicata,40,20,100,90,10,90,100,70,100,90
25/11/2010,s2,don,1,Leaf litter,0,0,0,0,0,0,0,0,0,0
25/11/2010,s2,don,1,Light green lomandra,0,0,0,4,0,0,0,0,0,0
25/11/2010,s2,don,1,Lomandra filiformis,4,0,4,4,4,4,1,1,1,1
25/11/2010,s2,don,1,Microlaena stipoides,0,8,0,0,0,0,0,4,0,4
25/11/2010,s2,don,1,Microtis unifolia,0,0,0,0,0,0,0,0,0,0
25/11/2010,s2,don,1,Orobanche minor,1,0,0,1,0,0,0,0,0,0
25/11/2010,s2,don,1,Oxalis perennans,1,1,1,0,0,1,0,12,1,1
25/11/2010,s2,don,1,Cynoglossum suaveolens,0,0,0,0,0,0,0,0,0,0
25/11/2010,s2,don,1,Panicum effusum,8,16,8,4,0,4,4,4,4,0
25/11/2010,s2,don,1,Patterson's curse,0,0,0,0,0,0,0,0,0,0
25/11/2010,s2,don,1,Petrorhagia nanteuilii,100,25,100,80,100,80,70,90,100,50
25/11/2010,s2,don,1,Plantago lanceolata,4,16,70,4,1,0,1,16,0,12
25/11/2010,s2,don,1,Plantago varia,0,0,0,0,0,0,0,0,0,0
25/11/2010,s2,don,1,Asperula scoparia,0,0,0,0,0,0,0,0,0,0
25/11/2010,s2,don,1,Saffron thistle,0,0,4,0,0,0,1,0,0,0
25/11/2010,s2,don,1,Carex inversa,1,1,0,1,1,0,1,0,0,0
25/11/2010,s2,don,1,Austrodanthonia pilosa,4,0,0,12,0,12,0,0,20,0
25/11/2010,s2,don,1,Tricoryn elatior,1,0,1,0,24,0,12,0,16,0
25/11/2010,s2,don,1,Skeleton weed,4,6,4,1,0,0,0,0,0,1
25/11/2010,s2,don,1,Hydrocotyle laxiflora,0,0,0,1,0,0,0,0,1,0
25/11/2010,s2,don,1,St johns wort,0,0,0,0,0,0,0,0,0,0
25/11/2010,s2,don,1,Themeda australis,0,0,4,0,12,0,4,1,8,0
25/11/2010,s2,don,1,Chamaesyce drummondii,0,0,0,0,0,0,0,0,0,0
25/11/2010,s2,don,1,Trifolium arvense,90,60,30,100,60,70,80,85,90,80
25/11/2010,s2,don,1,Trifolium dubium,0,1,0,0,0,0,4,0,0,0
25/11/2010,s2,don,1,Trifolium glomeratum,4,8,0,4,8,24,12,8,0,4
25/11/2010,s2,don,1,Trifolium striatum,0,0,0,1,0,0,0,0,0,0
25/11/2010,s2,don,1,Trifolium subterraneum,4,0,4,0,16,0,4,4,0,60
25/11/2010,s2,don,1,Unid grass,0,0,0,0,0,0,0,0,0,4
25/11/2010,s2,don,1,Verbascum thapsus,0,0,0,0,0,0,0,0,0,1
25/11/2010,s2,don,1,Verbascum virgatum,1,0,4,1,4,1,4,6,1,1
25/11/2010,s2,don,1,Vittadinia muelleri,0,0,0,0,0,0,0,0,0,0
25/11/2010,s2,don,1,Vulpia bromoides,30,80,80,80,50,30,100,80,0,90
25/11/2010,s2,don,1,Vulpia muralis,50,0,30,70,12,40,30,30,1,30
25/11/2010,s2,don,1,Vulpia myuros,0,0,0,0,0,0,0,0,1,0
25/11/2010,s2,don,1,Bothriochloa macra,0,0,0,0,0,0,0,0,0,0
25/11/2010,s2,don,1,Wurmbia dioica,1,1,0,0,0,0,0,0,1,0
25/11/2010,s2,"Jim, Don",2,Trifolium angustifolium,0,0,0,0,0,0,0,0,0,0
25/11/2010,s2,"Jim, Don",2,Acaena agnipila,4,30,0,1,4,0,4,8,0,0
25/11/2010,s2,"Jim, Don",2,Acetocella vulgaris,0,0,0,0,20,0,0,0,0,0
25/11/2010,s2,"Jim, Don",2,Aira cupaniana,0,0,0,0,0,1,0,0,50,1
25/11/2010,s2,"Jim, Don",2,Pentaschistis airoides,0,0,0,1,0,1,0,0,0,0
25/11/2010,s2,"Jim, Don",2,Aristida ramosa,0,0,0,1,0,8,4,0,0,0
25/11/2010,s2,"Jim, Don",2,Austrodanthonia laevis,0,0,0,0,0,0,0,0,0,0
25/11/2010,s2,"Jim, Don",2,Austrostipa bigeniculata,1,50,0,4,4,4,0,12,0,0
25/11/2010,s2,"Jim, Don",2,Austrostipa scabra,0,0,0,0,1,0,0,0,1,0
25/11/2010,s2,"Jim, Don",2,Avena sativa,0,0,0,0,4,4,0,0,0,0
25/11/2010,s2,"Jim, Don",2,Sheeps burr,1,0,0,0,1,1,0,0,0,0
25/11/2010,s2,"Jim, Don",2,Bare ground,0,0,0,0,0,0,4,0,0,0
25/11/2010,s2,"Jim, Don",2,Wahlenbergia stricta,0,0,0,0,0,0,0,0,0,0
25/11/2010,s2,"Jim, Don",2,Glycine tabacina,0,0,0,0,0,0,0,0,0,0
25/11/2010,s2,"Jim, Don",2,Bromus hordeaceus,1,0,1,0,4,0,0,1,1,1
25/11/2010,s2,"Jim, Don",2,Bromus rubens,0,0,0,0,0,0,0,0,0,0
25/11/2010,s2,"Jim, Don",2,Bulbine bulbosa,0,0,0,0,0,0,0,0,0,0
25/11/2010,s2,"Jim, Don",2,Convolvulus erubescens,1,1,4,0,0,1,1,1,0,1
25/11/2010,s2,"Jim, Don",2,Cymbonotus preissianus,0,0,0,0,0,0,0,0,0,0
25/11/2010,s2,"Jim, Don",2,Cynoglossum suaveolens,0,0,6,0,0,0,0,0,0,0
25/11/2010,s2,"Jim, Don",2,Desmodium varians,1,1,0,1,0,1,1,1,0,0
25/11/2010,s2,"Jim, Don",2,Elymus scaber,0,0,0,0,0,4,0,0,0,0
25/11/2010,s2,"Jim, Don",2,Poa sieberiana,0,0,0,0,4,0,0,0,0,0
25/11/2010,s2,"Jim, Don",2,Gnaphalium spicatum,0,0,0,0,0,0,0,0,0,0
25/11/2010,s2,"Jim, Don",2,Geranium solanderi,0,0,0,0,0,0,1,0,0,0
25/11/2010,s2,"Jim, Don",2,Grass litter,0,0,0,0,0,4,0,0,0,0
25/11/2010,s2,"Jim, Don",2,Hawk weed,0,0,0,0,0,0,0,0,0,0
25/11/2010,s2,"Jim, Don",2,Hypochaeris radicata,80,30,60,25,60,80,90,80,90,80
25/11/2010,s2,"Jim, Don",2,Leaf litter,0,0,0,0,0,4,0,0,0,0
25/11/2010,s2,"Jim, Don",2,Light green lomandra,0,0,0,4,0,8,4,0,0,0
25/11/2010,s2,"Jim, Don",2,Lomandra filiformis,24,0,16,1,1,8,4,4,4,8
25/11/2010,s2,"Jim, Don",2,Microlaena stipoides,0,0,0,0,0,0,0,0,0,0
25/11/2010,s2,"Jim, Don",2,Microtis unifolia,0,0,0,0,0,0,0,0,0,0
25/11/2010,s2,"Jim, Don",2,Orobanche minor,0,0,0,0,0,0,0,4,0,0
25/11/2010,s2,"Jim, Don",2,Oxalis perennans,1,0,0,0,0,1,0,1,1,1
25/11/2010,s2,"Jim, Don",2,Cynoglossum suaveolens,0,1,0,0,0,1,0,0,0,0
25/11/2010,s2,"Jim, Don",2,Panicum effusum,8,0,1,25,0,20,8,4,8,0
25/11/2010,s2,"Jim, Don",2,Patterson's curse,0,0,0,0,0,0,1,0,0,0
25/11/2010,s2,"Jim, Don",2,Petrorhagia nanteuilii,12,4,4,12,80,16,70,90,90,0
25/11/2010,s2,"Jim, Don",2,Plantago lanceolata,8,40,25,1,25,0,4,1,40,4
25/11/2010,s2,"Jim, Don",2,Plantago varia,0,0,0,0,0,0,0,0,1,0
25/11/2010,s2,"Jim, Don",2,Asperula scoparia,0,0,0,0,0,0,0,0,0,0
25/11/2010,s2,"Jim, Don",2,Saffron thistle,0,0,4,0,0,0,0,0,0,0
25/11/2010,s2,"Jim, Don",2,Carex inversa,0,0,0,0,1,1,0,0,1,0
25/11/2010,s2,"Jim, Don",2,Austrodanthonia pilosa,0,0,1,8,4,4,4,12,4,0
25/11/2010,s2,"Jim, Don",2,Tricoryn elatior,0,0,0,0,1,16,4,0,0,0
25/11/2010,s2,"Jim, Don",2,Skeleton weed,1,4,1,0,4,0,1,1,1,0
25/11/2010,s2,"Jim, Don",2,St johns wort,0,0,0,1,0,0,0,0,0,0
25/11/2010,s2,"Jim, Don",2,Themeda australis,0,0,4,0,4,0,8,12,0,0
25/11/2010,s2,"Jim, Don",2,Bothriochloa macra,0,0,0,0,0,0,0,0,0,0
25/11/2010,s2,"Jim, Don",2,Chamaesyce drummondii,0,0,0,0,0,0,0,0,0,0
25/11/2010,s2,"Jim, Don",2,Trifolium arvense,70,80,60,44,50,50,60,50,90,80
25/11/2010,s2,"Jim, Don",2,Trifolium dubium,0,0,0,0,0,1,0,0,0,0
25/11/2010,s2,"Jim, Don",2,Trifolium glomeratum,4,1,1,0,8,4,8,4,4,0
25/11/2010,s2,"Jim, Don",2,Trifolium striatum,0,0,0,0,4,0,0,0,0,0
25/11/2010,s2,"Jim, Don",2,Trifolium subterraneum,40,12,20,1,20,4,0,8,8,80
25/11/2010,s2,"Jim, Don",2,Unid grass,0,0,0,0,0,0,0,0,0,4
25/11/2010,s2,"Jim, Don",2,Verbascum thapsus,0,0,0,0,0,0,0,0,0,0
25/11/2010,s2,"Jim, Don",2,Verbascum virgatum,0,1,0,0,0,1,4,1,0,0
25/11/2010,s2,"Jim, Don",2,Vittadinia muelleri,0,0,0,0,0,1,0,0,0,0
25/11/2010,s2,"Jim, Don",2,Vulpia bromoides,1,4,4,80,90,30,100,60,60,80
25/11/2010,s2,"Jim, Don",2,Vulpia muralis,70,30,8,20,4,8,8,1,30,50
25/11/2010,s2,"Jim, Don",2,Vulpia myuros,0,0,0,0,0,0,0,0,0,0
25/11/2010,s2,"Jim, Don",2,Bothriochloa macra,0,0,0,0,0,0,0,0,0,0
25/11/2010,s2,"Jim, Don",2,Wurmbia dioica,0,0,0,0,1,0,0,0,0,0
25/11/2010,s2,Pax,3,Trifolium angustifolium,0,0,0,0,0,0,1,0,0,0
25/11/2010,s2,Pax,3,Acaena agnipila,1,1,4,1,8,1,0,1,1,4
25/11/2010,s2,Pax,3,Acetocella vulgaris,0,0,1,0,0,0,1,0,1,0
25/11/2010,s2,Pax,3,Aira cupaniana,0,0,0,0,0,0,0,0,0,0
25/11/2010,s2,Pax,3,Pentaschistis airoides,0,0,0,4,0,6,0,0,0,0
25/11/2010,s2,Pax,3,Aristida ramosa,0,0,0,1,0,0,0,0,0,0
25/11/2010,s2,Pax,3,Austrodanthonia laevis,0,0,0,0,0,0,0,0,0,0
25/11/2010,s2,Pax,3,Austrostipa bigeniculata,6,0,0,1,0,0,0,1,0,0
25/11/2010,s2,Pax,3,Austrostipa scabra,0,0,0,4,0,4,0,0,1,1
25/11/2010,s2,Pax,3,Avena sativa,0,0,4,0,4,0,0,1,1,0
25/11/2010,s2,Pax,3,Sheeps burr,0,0,0,0,0,0,0,0,0,0
25/11/2010,s2,Pax,3,Bare ground,0,0,0,0,0,0,0,0,4,0
25/11/2010,s2,Pax,3,Wahlenbergia stricta,0,0,0,0,0,0,0,0,1,0
25/11/2010,s2,Pax,3,Glycine tabacina,0,0,16,0,0,0,0,0,0,0
25/11/2010,s2,Pax,3,Bromus hordeaceus,1,4,4,0,1,0,0,8,1,0
25/11/2010,s2,Pax,3,Bromus rubens,0,0,0,0,0,0,0,0,0,0
25/11/2010,s2,Pax,3,Bulbine bulbosa,0,0,0,0,0,0,0,0,0,0
25/11/2010,s2,Pax,3,Convolvulus erubescens,1,12,4,0,1,0,4,0,0,0
25/11/2010,s2,Pax,3,Cymbonotus preissianus,0,0,0,0,0,0,0,0,0,0
25/11/2010,s2,Pax,3,Cynoglossum suaveolens,0,0,0,0,0,0,0,0,0,4
25/11/2010,s2,Pax,3,Desmodium varians,1,8,4,1,0,1,1,0,0,0
25/11/2010,s2,Pax,3,Elymus scaber,0,0,0,0,0,0,0,0,0,0
25/11/2010,s2,Pax,3,Poa sieberiana,0,0,0,1,1,0,0,0,0,0
25/11/2010,s2,Pax,3,Gnaphalium spicatum,0,0,0,0,0,0,0,0,0,0
25/11/2010,s2,Pax,3,Geranium solanderi,0,0,0,1,1,0,0,0,0,0
25/11/2010,s2,Pax,3,Grass litter,0,0,0,0,0,0,0,0,0,0
25/11/2010,s2,Pax,3,Hawk weed,0,0,0,0,0,0,0,0,1,0
25/11/2010,s2,Pax,3,Hypochaeris radicata,80,70,80,100,100,90,90,100,100,100
25/11/2010,s2,Pax,3,Leaf litter,0,0,0,0,0,0,0,0,0,0
25/11/2010,s2,Pax,3,Light green lomandra,0,0,0,1,0,0,0,0,0,0
25/11/2010,s2,Pax,3,Lomandra filiformis,1,0,0,1,4,1,0,0,0,1
25/11/2010,s2,Pax,3,Microlaena stipoides,0,0,0,0,0,0,0,0,0,0
25/11/2010,s2,Pax,3,Microtis unifolia,0,0,0,0,0,0,0,0,0,0
25/11/2010,s2,Pax,3,Orobanche minor,0,0,0,0,0,0,0,1,0,0
25/11/2010,s2,Pax,3,Oxalis perennans,1,1,1,0,1,0,0,4,1,1
25/11/2010,s2,Pax,3,Cynoglossum suaveolens,0,0,0,0,0,0,0,0,0,1
25/11/2010,s2,Pax,3,Panicum effusum,6,0,16,12,0,8,0,10,4,0
25/11/2010,s2,Pax,3,Patterson's curse,0,0,0,0,0,0,0,0,0,0
25/11/2010,s2,Pax,3,Petrorhagia nanteuilii,90,60,30,50,100,90,95,50,100,20
25/11/2010,s2,Pax,3,Plantago lanceolata,6,40,100,10,4,4,1,40,1,16
25/11/2010,s2,Pax,3,Plantago varia,0,0,0,0,0,0,0,0,0,0
25/11/2010,s2,Pax,3,Asperula scoparia,0,0,0,0,0,0,0,0,0,0
25/11/2010,s2,Pax,3,Saffron thistle,0,0,50,0,0,0,0,0,0,0
25/11/2010,s2,Pax,3,Carex inversa,1,1,0,1,0,1,1,0,0,1
25/11/2010,s2,Pax,3,Austrodanthonia pilosa,8,0,0,4,0,1,0,1,4,0
25/11/2010,s2,Pax,3,Tricoryn elatior,0,4,0,0,0,0,0,0,0,0
25/11/2010,s2,Pax,3,Skeleton weed,4,4,0,1,4,0,1,1,4,4
25/11/2010,s2,Pax,3,Hydrocotyle laxiflora,0,0,0,0,0,0,0,0,1,0
25/11/2010,s2,Pax,3,St johns wort,0,0,0,4,0,0,0,0,0,0
25/11/2010,s2,Pax,3,Themeda australis,0,4,8,0,1,0,6,0,0,0
25/11/2010,s2,Pax,3,Bothriochloa macra,0,0,0,0,0,0,0,0,0,0
25/11/2010,s2,Pax,3,Chamaesyce drummondii,0,0,0,0,0,0,0,0,0,0
25/11/2010,s2,Pax,3,Trifolium arvense,100,80,24,100,75,90,95,100,100,75
25/11/2010,s2,Pax,3,Trifolium dubium,0,0,0,0,0,0,0,0,0,0
25/11/2010,s2,Pax,3,Trifolium glomeratum,1,0,0,20,1,1,1,4,0,1
25/11/2010,s2,Pax,3,Trifolium striatum,0,0,0,0,0,0,0,0,0,0
25/11/2010,s2,Pax,3,Trifolium subterraneum,1,20,8,0,16,0,4,0,0,12
25/11/2010,s2,Pax,3,Unid grass,0,0,0,0,0,0,0,0,0,6
25/11/2010,s2,Pax,3,Verbascum thapsus,0,0,0,0,0,0,0,0,0,0
25/11/2010,s2,Pax,3,Verbascum virgatum,0,0,0,1,0,0,4,0,4,0
25/11/2010,s2,Pax,3,Vittadinia muelleri,0,0,0,0,0,0,0,0,0,0
25/11/2010,s2,Pax,3,Vulpia bromoides,100,100,90,80,50,90,50,80,0,90
25/11/2010,s2,Pax,3,Vulpia muralis,100,30,30,16,30,90,0,30,16,90
25/11/2010,s2,Pax,3,Vulpia myuros,0,0,0,0,0,0,0,0,0,0
25/11/2010,s2,Pax,3,Bothriochloa macra,0,0,0,0,4,10,0,0,0,0
25/11/2010,s2,Pax,3,Wurmbia dioica,0,0,0,0,0,0,0,0,0,0
25/11/2010,s2,"Pax, Don",4,Trifolium angustifolium,0,0,0,0,0,0,1,0,0,0
25/11/2010,s2,"Pax, Don",4,Acaena agnipila,8,12,0,0,1,1,4,1,0,0
25/11/2010,s2,"Pax, Don",4,Acetocella vulgaris,0,0,0,0,4,0,0,0,0,0
25/11/2010,s2,"Pax, Don",4,Aira cupaniana,0,0,0,0,0,0,0,0,0,0
25/11/2010,s2,"Pax, Don",4,Pentaschistis airoides,0,0,0,0,0,0,0,0,0,0
25/11/2010,s2,"Pax, Don",4,Aristida ramosa,1,4,0,4,4,0,0,0,0,0
25/11/2010,s2,"Pax, Don",4,Austrodanthonia laevis,1,0,0,0,0,0,0,0,0,0
25/11/2010,s2,"Pax, Don",4,Austrostipa bigeniculata,8,4,25,0,0,0,0,12,0,0
25/11/2010,s2,"Pax, Don",4,Austrostipa scabra,0,0,25,8,0,0,0,0,4,0
25/11/2010,s2,"Pax, Don",4,Avena sativa,0,0,4,0,4,0,1,1,1,0
25/11/2010,s2,"Pax, Don",4,Sheeps burr,0,0,0,1,0,0,0,0,0,0
25/11/2010,s2,"Pax, Don",4,Bare ground,0,0,0,4,0,0,0,0,0,0
25/11/2010,s2,"Pax, Don",4,Wahlenbergia stricta,0,0,0,0,0,0,0,0,0,0
25/11/2010,s2,"Pax, Don",4,Glycine tabacina,0,0,0,0,0,0,0,0,0,0
25/11/2010,s2,"Pax, Don",4,Bromus hordeaceus,1,0,4,0,4,0,1,4,1,0
25/11/2010,s2,"Pax, Don",4,Bromus rubens,0,0,0,0,0,0,0,0,0,0
25/11/2010,s2,"Pax, Don",4,Bulbine bulbosa,0,0,0,0,0,0,0,0,0,0
25/11/2010,s2,"Pax, Don",4,Convolvulus erubescens,1,1,4,1,1,1,1,0,1,0
25/11/2010,s2,"Pax, Don",4,Cymbonotus preissianus,0,0,0,0,0,1,0,1,0,0
25/11/2010,s2,"Pax, Don",4,Cynoglossum suaveolens,1,0,0,0,0,0,4,1,0,0
25/11/2010,s2,"Pax, Don",4,Desmodium varians,1,1,1,1,0,1,1,1,0,0
25/11/2010,s2,"Pax, Don",4,Elymus scaber,1,4,0,0,1,16,0,0,12,0
25/11/2010,s2,"Pax, Don",4,Poa sieberiana,0,0,1,0,0,0,0,1,0,0
25/11/2010,s2,"Pax, Don",4,Gnaphalium spicatum,0,0,0,0,0,0,1,0,0,0
25/11/2010,s2,"Pax, Don",4,Geranium solanderi,0,0,1,0,0,0,0,0,0,0
25/11/2010,s2,"Pax, Don",4,Grass litter,0,0,0,0,0,4,0,4,0,0
25/11/2010,s2,"Pax, Don",4,Hawk weed,0,0,0,0,0,0,0,0,0,0
25/11/2010,s2,"Pax, Don",4,Hypochaeris radicata,100,100,40,100,100,60,100,90,100,100
25/11/2010,s2,"Pax, Don",4,Leaf litter,0,0,0,0,0,0,0,0,0,0
25/11/2010,s2,"Pax, Don",4,Light green lomandra,0,4,0,0,0,0,0,0,0,1
25/11/2010,s2,"Pax, Don",4,Lomandra filiformis,0,0,0,0,0,0,6,0,0,4
25/11/2010,s2,"Pax, Don",4,Microlaena stipoides,0,0,0,0,0,0,0,0,0,0
25/11/2010,s2,"Pax, Don",4,Microtis unifolia,0,0,0,0,0,0,0,0,0,0
25/11/2010,s2,"Pax, Don",4,Orobanche minor,0,0,0,0,0,0,1,1,0,0
25/11/2010,s2,"Pax, Don",4,Oxalis perennans,1,1,0,0,0,0,1,4,4,1
25/11/2010,s2,"Pax, Don",4,Cynoglossum suaveolens,0,0,0,0,0,0,0,0,0,0
25/11/2010,s2,"Pax, Don",4,Panicum effusum,0,0,0,8,1,0,0,0,0,10
25/11/2010,s2,"Pax, Don",4,Patterson's curse,0,0,0,0,0,0,0,0,0,0
25/11/2010,s2,"Pax, Don",4,Petrorhagia nanteuilii,80,40,40,80,100,90,70,90,100,28
25/11/2010,s2,"Pax, Don",4,Plantago lanceolata,16,20,100,12,16,4,0,0,6,36
25/11/2010,s2,"Pax, Don",4,Plantago varia,0,0,0,0,0,0,0,0,0,0
25/11/2010,s2,"Pax, Don",4,Asperula scoparia,0,0,0,0,0,0,0,0,0,0
25/11/2010,s2,"Pax, Don",4,Saffron thistle,0,0,30,0,0,0,0,0,0,0
25/11/2010,s2,"Pax, Don",4,Carex inversa,0,0,1,0,0,0,0,0,0,0
25/11/2010,s2,"Pax, Don",4,Austrodanthonia pilosa,1,0,1,6,0,4,0,8,10,0
25/11/2010,s2,"Pax, Don",4,Tricoryn elatior,0,0,0,0,0,40,1,0,0,0
25/11/2010,s2,"Pax, Don",4,Skeleton weed,4,4,0,4,4,4,0,0,4,1
25/11/2010,s2,"Pax, Don",4,St johns wort,0,0,0,0,0,0,0,0,0,0
25/11/2010,s2,"Pax, Don",4,Themeda australis,0,0,1,0,4,1,12,8,1,0
25/11/2010,s2,"Pax, Don",4,Chamaesyce drummondii,0,0,0,0,0,0,1,0,0,0
25/11/2010,s2,"Pax, Don",4,Trifolium arvense,0,20,24,80,80,0,100,100,100,80
25/11/2010,s2,"Pax, Don",4,Trifolium dubium,0,0,0,0,0,0,0,0,0,0
25/11/2010,s2,"Pax, Don",4,Trifolium glomeratum,0,0,0,4,4,4,0,0,1,1
25/11/2010,s2,"Pax, Don",4,Trifolium striatum,0,0,0,0,0,0,0,0,0,0
25/11/2010,s2,"Pax, Don",4,Trifolium subterraneum,1,1,12,0,16,1,0,12,20,20
25/11/2010,s2,"Pax, Don",4,Unid grass,0,0,0,0,0,0,0,0,0,0
25/11/2010,s2,"Pax, Don",4,Verbascum thapsus,0,0,0,0,0,0,0,0,0,1
25/11/2010,s2,"Pax, Don",4,Verbascum virgatum,0,0,0,0,1,0,1,0,4,0
25/11/2010,s2,"Pax, Don",4,Vittadinia muelleri,0,0,0,0,0,0,0,0,0,0
25/11/2010,s2,"Pax, Don",4,Vulpia bromoides,100,100,100,100,100,60,75,80,100,90
25/11/2010,s2,"Pax, Don",4,Vulpia muralis,100,100,90,0,50,30,1,8,100,90
25/11/2010,s2,"Pax, Don",4,Vulpia myuros,0,0,0,0,0,0,0,0,0,0
25/11/2010,s2,"Pax, Don",4,Bothriochloa macra,0,0,0,0,0,4,0,4,0,0
25/11/2010,s2,"Pax, Don",4,Wurmbia dioica,0,0,0,0,0,1,1,0,0,0
24/11/2010,s4,don,1,Austrostipa scabra,0,0,0,0,0,0,1,0,1,0
24/11/2010,s4,don,1,Austrostipa scabra,20,1,12,12,1,4,8,60,12,8
24/11/2010,s4,don,1,Elymus scaber,1,40,0,1,1,4,0,0,1,0
24/11/2010,s4,don,1,Vulpia muralis,25,1,4,0,12,1,0,0,1,0
24/11/2010,s4,don,1,Hypochaeris radicata,90,30,50,90,1,90,60,80,90,50
24/11/2010,s4,don,1,Bromus hordeaceus,8,1,0,1,0,1,0,1,0,1
24/11/2010,s4,don,1,Austrodanthonia pilosa,4,10,4,0,8,0,4,0,25,0
24/11/2010,s4,don,1,Common cudweed,1,4,1,1,0,0,10,4,0,0
24/11/2010,s4,don,1,Trifolium arvense,80,50,30,8,80,90,40,20,25,4
24/11/2010,s4,don,1,Trifolium subterraneum,50,70,90,50,75,10,90,50,90,100
24/11/2010,s4,don,1,Trifolium dubium,0,0,0,0,0,0,0,0,0,0
24/11/2010,s4,don,1,Trifolium glomeratum,4,1,0,0,4,1,0,0,1,0
24/11/2010,s4,don,1,Trifolium striatum,0,0,0,0,0,0,0,0,0,0
24/11/2010,s4,don,1,Crassula sieberiana,1,1,1,1,1,4,1,1,4,4
24/11/2010,s4,don,1,Lomandra filiformis,1,0,0,0,0,0,0,0,0,0
24/11/2010,s4,don,1,Erodium pink (narrow),1,0,1,0,1,1,0,0,0,0
24/11/2010,s4,don,1,Aira cupaniana,60,8,12,4,4,4,16,50,80,16
24/11/2010,s4,don,1,Bromus rubens,1,4,1,0,0,8,1,0,0,0
24/11/2010,s4,don,1,Bare ground,0,1,0,8,4,0,0,1,0,0
24/11/2010,s4,don,1,Grass litter,0,0,0,0,0,0,0,0,0,0
24/11/2010,s4,don,1,Leaf litter,1,1,0,1,0,0,0,0,4,0
24/11/2010,s4,don,1,Triptilodiscus pygmaeus,0,12,0,1,0,8,5,4,0,0
24/11/2010,s4,don,1,Austrodanthonia laevis,0,4,0,4,0,0,0,12,0,0
24/11/2010,s4,don,1,Dry cudweed,0,4,4,0,0,4,4,0,0,0
24/11/2010,s4,don,1,Patterson's curse,0,0,4,0,12,0,0,0,0,0
24/11/2010,s4,don,1,Vulpia myuros,0,0,0,1,0,0,0,0,0,0
24/11/2010,s4,don,1,Rock,0,0,0,1,0,0,0,0,0,0
24/11/2010,s4,don,1,Chamaesyce drummondii,0,0,0,0,8,1,0,1,0,0
24/11/2010,s4,don,1,Bothriochloa macra,0,0,0,0,0,4,0,0,0,0
24/11/2010,s4,don,1,Wahlenbergia multicaulis,0,0,0,0,0,1,1,1,0,0
24/11/2010,s4,don,1,Hawk weed,0,0,0,0,0,0,4,0,0,0
24/11/2010,s4,don,1,Austrodanthonia caespitosa,0,0,0,0,0,0,0,1,0,0
24/11/2010,s4,don,1,Capeweed,0,0,0,0,0,0,0,0,0,1
24/11/2010,s4,Jim,2,Austrostipa scabra,16,6,20,14,8,4,4,20,4,4
24/11/2010,s4,Jim,2,Elymus scaber,0,1,0,8,0,0,0,4,4,0
24/11/2010,s4,Jim,2,Vulpia muralis,1,0,12,0,80,10,0,1,1,0
24/11/2010,s4,Jim,2,Hypochaeris radicata,90,25,10,60,25,8,32,70,70,20
24/11/2010,s4,Jim,2,Bromus hordeaceus,1,0,0,0,75,0,0,1,1,1
24/11/2010,s4,Jim,2,Austrodanthonia laevis,0,0,1,38,0,0,1,0,1,0
24/11/2010,s4,Jim,2,Austrodanthonia caespitosa,1,16,0,8,0,0,1,1,4,1
24/11/2010,s4,Jim,2,Common cudweed,0,1,4,0,0,1,1,4,1,0
24/11/2010,s4,Jim,2,Trifolium arvense,16,10,40,40,75,60,16,20,20,8
24/11/2010,s4,Jim,2,Trifolium subterraneum,95,70,60,50,40,80,90,70,65,100
24/11/2010,s4,Jim,2,Trifolium glomeratum,0,0,1,1,1,1,1,4,12,0
24/11/2010,s4,Jim,2,Trifolium striatum,0,0,0,0,0,0,0,0,0,0
24/11/2010,s4,Jim,2,Crassula sieberiana,1,4,1,1,1,1,0,0,8,1
24/11/2010,s4,Jim,2,Lomandra filiformis,0,0,0,0,0,0,0,0,0,0
24/11/2010,s4,Jim,2,Erodium pink (narrow),0,0,1,0,0,4,0,0,0,0
24/11/2010,s4,Jim,2,Aira cupaniana,16,30,25,0,8,1,1,75,20,1
24/11/2010,s4,Jim,2,Bromus rubens,0,4,0,0,40,1,1,4,0,1
24/11/2010,s4,Jim,2,Bare ground,0,4,4,1,0,1,1,1,0,0
24/11/2010,s4,Jim,2,Grass litter,0,0,0,0,0,0,0,0,0,0
24/11/2010,s4,Jim,2,Dry cudweed,1,0,0,0,0,0,0,0,0,0
24/11/2010,s4,Jim,2,Leaf litter,6,1,0,1,0,0,1,0,0,1
24/11/2010,s4,Jim,2,Wahlenbergia stricta,1,0,0,1,0,1,0,0,0,0
24/11/2010,s4,Jim,2,Triptilodiscus pygmaeus,0,6,0,4,0,4,0,12,0,0
24/11/2010,s4,Jim,2,Austrodanthonia caespitosa,0,1,0,0,0,0,0,0,0,0
24/11/2010,s4,Jim,2,Saffron thistle,0,0,1,0,0,0,0,0,1,0
24/11/2010,s4,Jim,2,Pentaschistis airoides,0,0,1,0,0,0,0,0,0,0
24/11/2010,s4,Jim,2,Bothriochloa macra,0,0,0,0,1,0,0,0,0,0
24/11/2010,s4,Jim,2,Vulpia myuros,0,0,0,0,0,0,0,0,0,0
24/11/2010,s4,Jim,2,Wahlenbergia multicaulis,0,0,0,0,0,0,0,0,0,0
24/11/2010,s4,Jim,2,Chamaesyce drummondii,0,0,0,1,4,4,1,1,0,0
24/11/2010,s4,Jim,2,Hypochaeris radicata,0,0,0,1,0,0,0,0,0,0
24/11/2010,s4,Jim,2,Capeweed,0,0,0,0,1,0,0,0,0,0
24/11/2010,s4,Jim,2,Vulpia bromoides,0,0,0,0,0,0,0,0,0,0
24/11/2010,s4,Jim,2,Bothriochloa macra,0,0,0,0,1,1,0,0,0,0
24/11/2010,s4,Jim,2,Rock,0,0,0,0,0,1,0,0,0,0
24/11/2010,s4,Jim,2,Hawk weed,0,0,0,0,0,0,1,0,0,0
24/11/2010,s4,Jim,2,Aristida ramosa,0,0,0,0,0,0,0,0,0,0
24/11/2010,s4,Jim,2,Spoon cudweed,0,0,0,0,0,0,0,12,1,0
24/11/2010,s4,Jim,2,Acetocella vulgaris,0,0,0,0,0,0,0,1,0,0
24/11/2010,s4,Jim,2,Patterson's curse,0,0,0,0,0,0,0,0,0,1
24/11/2010,s4,Pax,3,Austrostipa scabra,12,12,16,12,70,12,8,75,12,12
24/11/2010,s4,Pax,3,Elymus scaber,4,1,4,0,1,4,0,0,0,0
24/11/2010,s4,Pax,3,Vulpia muralis,40,4,30,0,40,12,0,0,0,1
24/11/2010,s4,Pax,3,Hypochaeris radicata,100,30,25,85,16,85,80,60,90,80
24/11/2010,s4,Pax,3,Bromus hordeaceus,4,1,0,0,1,1,0,0,0,0
24/11/2010,s4,Pax,3,Austrodanthonia caespitosa,1,0,1,0,0,0,1,4,1,1
24/11/2010,s4,Pax,3,Common cudweed,0,4,1,4,8,1,4,1,1,4
24/11/2010,s4,Pax,3,Trifolium arvense,100,35,20,100,90,35,50,30,4,35
24/11/2010,s4,Pax,3,Trifolium subterraneum,100,100,90,20,0,90,90,16,100,85
24/11/2010,s4,Pax,3,Trifolium dubium,0,0,0,8,0,0,0,0,0,0
24/11/2010,s4,Pax,3,Trifolium glomeratum,0,4,1,0,0,0,0,0,1,1
24/11/2010,s4,Pax,3,Trifolium striatum,0,0,0,0,0,0,0,0,0,0
24/11/2010,s4,Pax,3,Crassula sieberiana,1,8,1,0,6,1,1,1,0,4
24/11/2010,s4,Pax,3,Lomandra filiformis,1,0,0,0,0,1,0,0,0,0
24/11/2010,s4,Pax,3,Erodium pink (narrow),0,4,1,0,0,1,0,0,0,0
24/11/2010,s4,Pax,3,Aira cupaniana,24,20,20,4,8,4,16,16,4,0
24/11/2010,s4,Pax,3,Bromus rubens,4,24,4,0,0,20,0,0,0,0
24/11/2010,s4,Pax,3,Bare ground,1,0,0,0,4,4,0,4,0,0
24/11/2010,s4,Pax,3,Grass litter,0,0,0,0,0,0,0,0,0,0
24/11/2010,s4,Pax,3,Wahlenbergia stricta,0,0,0,0,1,0,0,0,0,0
24/11/2010,s4,Pax,3,Triptilodiscus pygmaeus,0,8,0,8,6,6,16,6,0,0
24/11/2010,s4,Pax,3,Spoon cudweed,0,10,10,0,0,1,0,0,1,1
24/11/2010,s4,Pax,3,Wahlenbergia multicaulis,0,1,0,1,1,0,1,0,0,0
24/11/2010,s4,Pax,3,Bothriochloa macra,0,0,1,0,0,0,0,0,0,0
24/11/2010,s4,Pax,3,Austrodanthonia laevis,0,0,4,0,1,1,0,12,0,0
24/11/2010,s4,Pax,3,Vulpia myuros,0,0,0,0,0,0,0,0,0,0
24/11/2010,s4,Pax,3,Patterson's curse,0,0,0,0,0,0,0,0,0,0
24/11/2010,s4,Pax,3,Pentaschistis airoides,0,0,0,0,0,0,0,0,0,0
24/11/2010,s4,Pax,3,Wahlenbergia stricta,0,0,0,0,1,0,0,0,0,0
24/11/2010,s4,Pax,3,Chamaesyce drummondii,0,0,0,0,1,4,0,0,0,0
24/11/2010,s4,Pax,3,Saffron thistle,0,0,0,0,0,1,0,0,0,0
24/11/2010,s4,Pax,3,Bothriochloa macra,0,0,0,0,0,1,0,0,0,0
24/11/2010,s4,Pax,3,Acetocella vulgaris,0,0,0,0,0,1,0,0,0,0
24/11/2010,s4,Pax,3,Aristida ramosa,0,0,0,0,0,0,1,0,0,0
24/11/2010,s4,Pax,3,Arenaria leptoclados,0,0,0,0,0,0,0,0,0,1
24/11/2010,s4,"Pax, Don",4,Austrostipa scabra,50,20,12,6,8,30,12,75,8,6
24/11/2010,s4,"Pax, Don",4,Elymus scaber,1,4,1,0,4,16,0,0,0,0
24/11/2010,s4,"Pax, Don",4,Vulpia muralis,0,4,8,4,0,0,0,1,4,0
24/11/2010,s4,"Pax, Don",4,Hypochaeris radicata,50,65,60,70,12,85,85,90,90,20
24/11/2010,s4,"Pax, Don",4,Bromus hordeaceus,0,1,1,0,16,0,1,1,0,0
24/11/2010,s4,"Pax, Don",4,Austrodanthonia caespitosa,4,1,0,8,1,0,8,8,4,0
24/11/2010,s4,"Pax, Don",4,Common cudweed,0,0,1,1,0,8,4,1,1,0
24/11/2010,s4,"Pax, Don",4,Trifolium arvense,24,50,6,85,80,16,95,75,8,12
24/11/2010,s4,"Pax, Don",4,Trifolium subterraneum,100,100,100,40,80,50,30,30,100,50
24/11/2010,s4,"Pax, Don",4,Trifolium dubium,0,0,0,0,0,0,0,0,0,0
24/11/2010,s4,"Pax, Don",4,Trifolium glomeratum,0,1,0,0,0,0,0,1,1,4
24/11/2010,s4,"Pax, Don",4,Trifolium striatum,0,0,0,0,0,0,0,0,0,0
24/11/2010,s4,"Pax, Don",4,Crassula sieberiana,4,4,4,1,1,12,0,0,4,6
24/11/2010,s4,"Pax, Don",4,Lomandra filiformis,1,0,0,0,0,0,0,0,0,0
24/11/2010,s4,"Pax, Don",4,Erodium pink (narrow),0,0,0,0,0,1,0,0,0,0
24/11/2010,s4,"Pax, Don",4,Aira cupaniana,8,90,4,1,8,4,1,12,30,4
24/11/2010,s4,"Pax, Don",4,Bromus rubens,0,30,0,0,8,20,0,0,0,0
24/11/2010,s4,"Pax, Don",4,Bare ground,0,0,4,4,1,0,0,4,0,0
24/11/2010,s4,"Pax, Don",4,Grass litter,0,0,0,0,0,0,0,0,0,0
24/11/2010,s4,"Pax, Don",4,Wahlenbergia stricta,0,0,0,1,1,1,0,0,0,1
24/11/2010,s4,"Pax, Don",4,Triptilodiscus pygmaeus,0,0,0,0,4,4,10,6,0,0
24/11/2010,s4,"Pax, Don",4,Wahlenbergia multicaulis,0,0,0,1,0,0,1,0,0,0
24/11/2010,s4,"Pax, Don",4,Plantago lanceolata,0,1,0,0,0,0,0,0,0,0
24/11/2010,s4,"Pax, Don",4,Pentaschistis airoides,0,1,1,1,12,0,0,0,0,0
24/11/2010,s4,"Pax, Don",4,Austrodanthonia laevis,0,0,1,6,4,0,0,0,1,0
24/11/2010,s4,"Pax, Don",4,Patterson's curse,0,0,0,4,0,0,0,0,0,30
24/11/2010,s4,"Pax, Don",4,Bothriochloa macra,0,0,0,0,4,1,0,0,0,0
24/11/2010,s4,"Pax, Don",4,Vulpia myuros,0,0,0,0,0,0,0,0,0,0
24/11/2010,s4,"Pax, Don",4,Vulpia bromoides,0,0,0,0,4,0,0,0,0,0
24/11/2010,s4,"Pax, Don",4,Capeweed,0,0,0,0,4,0,0,0,0,0
24/11/2010,s4,"Pax, Don",4,Chamaesyce drummondii,0,0,0,0,4,1,1,0,0,0
24/11/2010,s4,"Pax, Don",4,Spoon cudweed,0,0,0,0,4,4,0,1,1,0
24/11/2010,s4,"Pax, Don",4,Hawk weed,0,0,0,0,0,1,0,0,0,0
24/11/2010,w4,don,1,Austrostipa scabra,30,1,16,0,8,0,0,1,0,30
24/11/2010,w4,don,1,Hypochaeris radicata,60,50,16,70,8,30,25,90,90,90
24/11/2010,w4,don,1,Bromus rubens,60,25,4,80,12,40,50,90,80,35
24/11/2010,w4,don,1,Trifolium subterraneum,90,90,90,100,90,100,70,50,70,90
24/11/2010,w4,don,1,Trifolium arvense,4,4,24,0,4,8,8,8,30,4
24/11/2010,w4,don,1,Trifolium glomeratum,0,1,0,1,8,8,4,0,4,4
24/11/2010,w4,don,1,Trifolium striatum,0,0,1,4,0,0,0,4,4,0
24/11/2010,w4,don,1,Capeweed,0,0,0,0,0,0,0,0,1,4
24/11/2010,w4,don,1,Crassula sieberiana,1,1,1,1,1,1,1,1,1,1
24/11/2010,w4,don,1,Elymus scaber,1,0,0,0,1,1,4,4,1,1
24/11/2010,w4,don,1,Austrodanthonia laevis,0,0,0,0,0,0,0,0,0,0
24/11/2010,w4,don,1,Bromus hordeaceus,0,50,0,0,0,0,0,8,10,0
24/11/2010,w4,don,1,Oxalis perennans,0,0,1,0,0,0,0,0,4,1
24/11/2010,w4,don,1,Chamaesyce drummondii,1,1,1,4,0,0,0,1,0,0
24/11/2010,w4,don,1,Acetocella vulgaris,0,0,0,0,0,0,0,0,0,0
24/11/2010,w4,don,1,Bowl leaf,1,0,0,0,0,0,0,0,0,0
24/11/2010,w4,don,1,Rock,1,0,0,0,0,0,0,0,0,0
24/11/2010,w4,don,1,Saffron thistle,0,1,1,0,0,0,0,0,0,0
24/11/2010,w4,don,1,Pentaschistis airoides,1,1,16,1,0,0,0,1,0,30
24/11/2010,w4,don,1,Aira cupaniana,0,0,0,0,4,4,0,4,1,0
24/11/2010,w4,don,1,Erodium pink (narrow),1,0,0,0,1,0,1,0,0,0
24/11/2010,w4,don,1,Dry cudweed,0,1,0,0,0,1,0,0,0,0
24/11/2010,w4,don,1,Bothriochloa macra,0,1,0,0,4,0,0,1,1,0
24/11/2010,w4,don,1,Austrodanthonia pilosa,0,0,8,0,8,4,4,4,4,4
24/11/2010,w4,don,1,Spoon cudweed,0,0,0,1,1,0,0,0,0,0
24/11/2010,w4,don,1,Vulpia muralis,0,0,0,4,0,0,0,0,0,4
24/11/2010,w4,don,1,Vulpia myuros,0,0,0,0,0,4,0,0,0,0
24/11/2010,w4,don,1,Patterson's curse,0,0,0,0,0,0,70,0,0,0
24/11/2010,w4,don,1,Bothriochloa macra,0,0,0,0,0,0,4,0,0,0
24/11/2010,w4,don,1,Wurmbia dioica,0,0,0,0,0,0,0,1,0,0
24/11/2010,w4,don,1,Austrodanthonia pilosa,0,0,0,0,0,0,0,4,8,1
24/11/2010,w4,don,1,Desmodium varians,0,0,0,0,0,0,0,0,1,0
24/11/2010,w4,don,1,Microlaena stipoides,0,0,0,0,0,0,0,0,1,0
24/11/2010,w4,don,1,Lolium perenne,0,0,0,0,0,0,0,0,0,1
24/11/2010,w4,Jim,2,Austrostipa scabra,16,1,16,1,12,1,4,1,1,8
24/11/2010,w4,Jim,2,Hypochaeris radicata,40,75,10,24,16,16,24,100,60,70
24/11/2010,w4,Jim,2,Bromus rubens,8,25,1,16,20,1,60,8,30,90
24/11/2010,w4,Jim,2,Trifolium subterraneum,85,50,100,90,100,100,90,90,60,80
24/11/2010,w4,Jim,2,Trifolium arvense,20,20,12,8,1,4,12,80,12,0
24/11/2010,w4,Jim,2,Trifolium glomeratum,4,0,1,1,1,1,1,1,4,8
24/11/2010,w4,Jim,2,Trifolium striatum,0,0,0,0,0,0,0,1,4,0
24/11/2010,w4,Jim,2,Capeweed,0,0,0,0,0,0,0,0,0,0
24/11/2010,w4,Jim,2,Crassula sieberiana,1,1,1,1,1,0,1,1,1,0
24/11/2010,w4,Jim,2,Elymus scaber,0,0,1,4,0,0,1,16,1,0
24/11/2010,w4,Jim,2,Austrodanthonia laevis,0,0,0,0,0,0,1,4,0,0
24/11/2010,w4,Jim,2,Bromus hordeaceus,0,25,0,0,0,0,0,4,20,0
24/11/2010,w4,Jim,2,Oxalis perennans,0,0,0,0,0,0,0,0,1,0
24/11/2010,w4,Jim,2,Chamaesyce drummondii,0,1,1,1,0,0,0,1,0,0
24/11/2010,w4,Jim,2,Bowl leaf,0,0,0,4,1,0,0,0,0,0
24/11/2010,w4,Jim,2,Acetocella vulgaris,0,0,0,0,0,0,0,0,0,0
24/11/2010,w4,Jim,2,Pentaschistis airoides,0,0,0,0,1,0,0,0,0,8
24/11/2010,w4,Jim,2,Aira cupaniana,0,0,0,0,4,0,4,12,1,0
24/11/2010,w4,Jim,2,Erodium pink (narrow),0,0,0,1,1,0,0,0,0,0
24/11/2010,w4,Jim,2,Bothriochloa macra,4,4,0,1,1,1,0,0,0,0
24/11/2010,w4,Jim,2,Nodding thistle,1,0,0,0,0,0,0,0,0,0
24/11/2010,w4,Jim,2,Petrorhagia nanteuilii,0,0,0,1,0,0,0,0,0,0
24/11/2010,w4,Jim,2,Austrodanthonia pilosa,4,8,1,8,0,4,4,4,1,1
24/11/2010,w4,Jim,2,Leaf litter,0,0,1,0,0,0,0,0,1,0
24/11/2010,w4,Jim,2,Paronychia braziliana,0,0,1,0,0,0,0,0,0,0
24/11/2010,w4,Jim,2,Dry cudweed,0,0,1,1,0,1,0,4,0,0
24/11/2010,w4,Jim,2,Trifolium dubium,0,0,0,1,0,0,0,0,0,0
24/11/2010,w4,Jim,2,Erodium blue,0,0,0,1,0,0,0,0,0,0
24/11/2010,w4,Jim,2,Bothriochloa macra,0,0,0,0,0,0,4,0,0,0
24/11/2010,w4,Jim,2,Austrodanthonia pilosa,0,0,0,0,0,0,0,4,1,0
24/11/2010,w4,Jim,2,Microlaena stipoides,0,0,0,0,0,0,0,0,1,0
24/11/2010,w4,Jim,2,Vulpia muralis,0,0,0,0,0,0,0,0,30,1
24/11/2010,w4,Jim,2,Vulpia bromoides,0,0,0,0,0,0,0,0,20,0
24/11/2010,w4,Pax,3,Austrostipa scabra,1,1,12,1,1,1,1,1,0,4
24/11/2010,w4,Pax,3,Hypochaeris radicata,75,80,90,60,85,20,0,100,90,35
24/11/2010,w4,Pax,3,Bromus rubens,40,32,12,16,16,80,80,90,90,10
24/11/2010,w4,Pax,3,Trifolium subterraneum,100,100,100,100,100,100,100,100,100,100
24/11/2010,w4,Pax,3,Trifolium arvense,1,12,30,1,4,12,18,1,10,10
24/11/2010,w4,Pax,3,Trifolium glomeratum,1,1,1,1,1,0,0,0,4,8
24/11/2010,w4,Pax,3,Trifolium striatum,0,0,1,0,0,0,0,0,1,0
24/11/2010,w4,Pax,3,Capeweed,0,0,0,0,0,0,0,0,0,0
24/11/2010,w4,Pax,3,Crassula sieberiana,0,1,0,1,4,1,1,4,0,1
24/11/2010,w4,Pax,3,Elymus scaber,0,0,0,1,4,1,1,1,0,0
24/11/2010,w4,Pax,3,Bromus hordeaceus,0,4,0,1,0,0,0,0,0,0
24/11/2010,w4,Pax,3,Austrodanthonia laevis,0,0,0,0,0,0,0,0,0,0
24/11/2010,w4,Pax,3,Oxalis perennans,0,0,0,0,0,0,0,0,0,0
24/11/2010,w4,Pax,3,Chamaesyce drummondii,0,0,1,1,0,1,0,1,0,0
24/11/2010,w4,Pax,3,Acetocella vulgaris,1,0,20,0,0,0,0,0,4,1
24/11/2010,w4,Pax,3,Paronychia braziliana,0,0,1,0,1,0,0,0,0,0
24/11/2010,w4,Pax,3,Bothriochloa macra,6,4,0,0,0,1,1,1,0,1
24/11/2010,w4,Pax,3,Aira cupaniana,0,0,1,0,0,1,1,1,0,1
24/11/2010,w4,Pax,3,Pentaschistis airoides,0,0,0,1,1,0,0,0,0,1
24/11/2010,w4,Pax,3,Erodium pink (narrow),0,0,0,1,0,0,0,0,0,0
24/11/2010,w4,Pax,3,Petrorhagia nanteuilii,0,4,0,0,1,1,0,0,0,0
24/11/2010,w4,Pax,3,Dry cudweed,0,1,0,1,4,0,0,0,0,4
24/11/2010,w4,Pax,3,Austrodanthonia pilosa,0,1,0,0,0,0,0,0,0,1
24/11/2010,w4,Pax,3,Desmodium varians,0,0,1,0,0,0,0,0,0,0
24/11/2010,w4,Pax,3,Bowl leaf,0,0,0,0,1,0,0,1,0,0
24/11/2010,w4,Pax,3,Vulpia muralis,0,0,0,0,0,0,0,0,0,1
24/11/2010,w4,Pax,3,Lolium perenne,0,0,0,0,0,0,0,0,0,1
24/11/2010,w4,"Pax, Don",4,Austrostipa scabra,8,4,4,4,1,1,6,6,0,1
24/11/2010,w4,"Pax, Don",4,Hypochaeris radicata,20,8,90,14,100,10,0,60,100,40
24/11/2010,w4,"Pax, Don",4,Bromus rubens,30,8,8,4,6,4,90,35,4,50
24/11/2010,w4,"Pax, Don",4,Trifolium subterraneum,100,100,100,100,100,100,100,100,100,100
24/11/2010,w4,"Pax, Don",4,Trifolium arvense,0,4,24,1,8,10,4,1,10,18
24/11/2010,w4,"Pax, Don",4,Trifolium glomeratum,0,1,0,1,0,0,1,0,0,4
24/11/2010,w4,"Pax, Don",4,Trifolium striatum,0,0,1,0,0,0,0,0,0,0
24/11/2010,w4,"Pax, Don",4,Capeweed,0,0,0,0,0,0,0,0,0,0
24/11/2010,w4,"Pax, Don",4,Crassula sieberiana,0,0,4,1,1,4,1,1,0,0
24/11/2010,w4,"Pax, Don",4,Elymus scaber,0,0,1,0,0,0,0,0,0,0
24/11/2010,w4,"Pax, Don",4,Austrodanthonia laevis,0,0,0,0,0,0,0,0,0,0
24/11/2010,w4,"Pax, Don",4,Bromus hordeaceus,0,0,1,0,1,0,0,0,1,0
24/11/2010,w4,"Pax, Don",4,Oxalis perennans,0,0,0,0,0,0,0,0,1,0
24/11/2010,w4,"Pax, Don",4,Chamaesyce drummondii,4,0,0,1,4,0,0,0,0,0
24/11/2010,w4,"Pax, Don",4,Acetocella vulgaris,0,0,1,0,0,0,0,0,1,0
24/11/2010,w4,"Pax, Don",4,Bowl leaf,0,0,0,0,0,0,0,0,0,0
24/11/2010,w4,"Pax, Don",4,Pentaschistis airoides,0,0,0,0,0,0,0,0,0,0
24/11/2010,w4,"Pax, Don",4,Aira cupaniana,0,8,0,0,8,1,1,0,1,4
24/11/2010,w4,"Pax, Don",4,Erodium pink (narrow),0,0,0,0,0,0,0,0,0,0
24/11/2010,w4,"Pax, Don",4,Dry cudweed,1,0,0,1,0,1,0,0,0,0
24/11/2010,w4,"Pax, Don",4,Austrodanthonia pilosa,0,8,0,1,1,8,0,1,1,1
24/11/2010,w4,"Pax, Don",4,Bothriochloa macra,12,1,4,0,0,0,1,1,0,8
24/11/2010,w4,"Pax, Don",4,Petrorhagia nanteuilii,0,0,0,1,0,0,0,0,0,0
24/11/2010,w4,"Pax, Don",4,Vulpia muralis,0,0,0,0,0,1,1,0,0,0
24/11/2010,w4,"Pax, Don",4,Desmodium varians,0,0,0,0,0,1,0,0,1,0
24/11/2010,w4,"Pax, Don",4,Patterson's curse,0,0,0,0,0,0,0,1,0,0
24/11/2010,w4,"Pax, Don",4,Microlaena stipoides,0,0,0,0,0,0,0,0,0,0
24/11/2010,w4,"Pax, Don",4,Wurmbia dioica,0,0,0,0,0,0,0,0,0,1
28/11/2010,w5,Pax,3,Saffron thistle,4,4,1,6,0,0,4,1,50,4
28/11/2010,w5,Pax,3,Hypochaeris radicata,100,100,100,100,100,100,70,90,100,80
28/11/2010,w5,Pax,3,Bromus hordeaceus,8,4,1,0,4,1,4,4,60,1
28/11/2010,w5,Pax,3,Austrostipa scabra,1,0,1,1,1,1,1,0,4,0
28/11/2010,w5,Pax,3,Aira cupaniana,1,0,1,0,0,0,1,0,1,0
28/11/2010,w5,Pax,3,Pentaschistis airoides,1,0,1,1,1,1,1,75,4,1
28/11/2010,w5,Pax,3,Crassula sieberiana,4,0,1,0,4,1,1,0,0,0
28/11/2010,w5,Pax,3,Acetocella vulgaris,8,4,1,90,0,0,0,0,0,0
28/11/2010,w5,Pax,3,Trifolium subterraneum,90,100,90,95,95,100,100,75,100,100
28/11/2010,w5,Pax,3,Trifolium glomeratum,1,1,1,10,1,1,1,8,8,0
28/11/2010,w5,Pax,3,Oxalis perennans,0,0,1,0,1,0,0,0,0,1
28/11/2010,w5,Pax,3,Bromus rubens,8,4,50,12,90,75,12,1,20,4
28/11/2010,w5,Pax,3,Lomandra filiformis,1,0,0,0,0,0,0,0,0,0
28/11/2010,w5,Pax,3,Bothriochloa macra,12,25,30,0,25,0,16,40,80,50
28/11/2010,w5,Pax,3,Feather,0,0,0,0,1,0,0,0,0,0
28/11/2010,w5,Pax,3,Barley grass,0,0,0,0,0,0,0,0,0,0
28/11/2010,w5,Pax,3,Trifolium arvense,1,1,1,4,1,1,1,4,12,1
28/11/2010,w5,Pax,3,Trifolium striatum,0,1,0,0,4,1,1,1,0,4
28/11/2010,w5,Pax,3,Carex inversa,0,0,0,0,0,0,0,0,0,0
28/11/2010,w5,Pax,3,Desmodium varians,0,0,0,0,0,0,0,4,0,0
28/11/2010,w5,Pax,3,Erodium pink (narrow),0,0,0,0,0,1,0,0,0,0
28/11/2010,w5,Pax,3,Austrodanthonia pilosa,0,0,4,0,0,0,0,1,0,0
28/11/2010,w5,Pax,3,Vulpia bromoides,0,0,1,0,0,1,1,0,1,0
28/11/2010,w5,Pax,3,Paronychia braziliana,0,0,0,0,0,1,0,0,0,0
28/11/2010,w5,Pax,3,Alternanthera pungens,0,0,0,0,0,0,0,0,0,0
28/11/2010,w5,Pax,3,Bare ground,0,0,0,4,0,0,0,0,0,0
28/11/2010,w5,Pax,3,Arenaria leptoclados,0,0,0,0,0,4,0,4,0,0
28/11/2010,w5,Pax,3,Common cudweed,0,0,0,0,4,0,1,6,4,0
28/11/2010,w5,Pax,3,Austrodanthonia caespitosa,0,0,0,0,1,1,0,1,0,0
28/11/2010,w5,Pax,3,Bromus diandrus,0,0,0,0,0,1,0,0,0,0
28/11/2010,w5,Pax,3,Spoon cudweed,0,0,0,0,0,0,0,0,0,0
28/11/2010,w5,Pax,3,Bromus hordeaceus,0,0,0,0,0,1,0,0,0,0
28/11/2010,w5,Pax,3,Vulpia muralis,0,0,0,0,0,0,0,0,0,0
28/11/2010,w5,Pax,3,Orobanche minor,0,0,0,0,0,0,1,0,0,0
28/11/2010,w5,Pax,3,Microlaena stipoides,0,0,0,0,0,0,1,0,0,0
28/11/2010,w5,Pax,3,Enneapogon nigricans,0,0,0,0,0,0,0,1,0,0
28/11/2010,w5,Pax,3,Petrorhagia nanteuilii,0,0,0,0,0,0,0,1,0,0
28/11/2010,w5,Pax,3,Cynoglossum suaveolens,0,0,0,0,0,0,0,0,1,0
28/11/2010,w5,Pax,4,Saffron thistle,6,4,6,12,4,0,1,0,12,20
28/11/2010,w5,Pax,4,Hypochaeris radicata,90,100,85,100,100,90,100,100,50,60
28/11/2010,w5,Pax,4,Bromus hordeaceus,24,4,4,4,4,8,4,1,12,8
28/11/2010,w5,Pax,4,Austrostipa scabra,0,0,0,4,0,0,0,0,4,0
28/11/2010,w5,Pax,4,Aira cupaniana,0,0,0,0,0,0,0,1,0,0
28/11/2010,w5,Pax,4,Pentaschistis airoides,1,0,4,12,1,16,20,4,4,40
28/11/2010,w5,Pax,4,Crassula sieberiana,0,0,0,0,0,8,0,1,0,0
28/11/2010,w5,Pax,4,Acetocella vulgaris,0,0,0,8,0,0,0,0,0,0
28/11/2010,w5,Pax,4,Trifolium subterraneum,100,95,100,100,95,65,100,90,90,90
28/11/2010,w5,Pax,4,Trifolium glomeratum,1,0,4,8,6,8,4,4,1,4
28/11/2010,w5,Pax,4,Oxalis perennans,0,0,0,0,0,1,0,0,0,0
28/11/2010,w5,Pax,4,Bromus rubens,4,50,100,100,70,50,65,4,1,70
28/11/2010,w5,Pax,4,Lomandra filiformis,0,0,0,0,0,0,0,0,0,0
28/11/2010,w5,Pax,4,Bothriochloa macra,20,75,45,0,75,60,100,90,20,30
28/11/2010,w5,Pax,4,Feather,1,0,0,0,0,1,0,0,0,0
28/11/2010,w5,Pax,4,Barley grass,0,0,0,0,0,0,0,0,0,0
28/11/2010,w5,Pax,4,Trifolium arvense,0,1,1,0,1,1,1,1,1,1
28/11/2010,w5,Pax,4,Trifolium striatum,0,1,0,0,6,0,0,0,0,0
28/11/2010,w5,Pax,4,Carex inversa,0,1,0,0,0,1,0,0,0,0
28/11/2010,w5,Pax,4,Desmodium varians,0,1,0,0,0,0,0,0,0,0
28/11/2010,w5,Pax,4,Erodium pink (narrow),0,1,0,0,0,0,0,4,0,0
28/11/2010,w5,Pax,4,Austrodanthonia pilosa,0,0,0,0,0,0,0,0,0,0
28/11/2010,w5,Pax,4,Vulpia bromoides,0,0,0,0,0,1,0,0,0,0
28/11/2010,w5,Pax,4,Paronychia braziliana,0,0,0,1,0,1,0,0,0,0
28/11/2010,w5,Pax,4,Alternanthera pungens,0,0,0,0,0,0,0,0,0,0
28/11/2010,w5,Pax,4,Bare ground,0,0,0,0,0,4,0,0,0,1
28/11/2010,w5,Pax,4,Austrostipa bigeniculata,0,0,0,1,0,0,0,0,0,0
28/11/2010,w5,Pax,4,Arenaria leptoclados,0,0,0,1,1,0,0,16,0,0
28/11/2010,w5,Pax,4,Common cudweed,0,0,0,0,1,0,4,4,0,0
28/11/2010,w5,Pax,4,Austrodanthonia caespitosa,0,0,0,0,1,0,0,0,1,0
28/11/2010,w5,Pax,4,Spoon cudweed,0,0,0,0,0,0,0,0,0,0
28/11/2010,w5,Pax,4,Bromus hordeaceus,0,0,0,0,0,0,0,0,0,0
28/11/2010,w5,Pax,4,Vulpia muralis,0,0,0,0,0,1,0,0,0,1
28/11/2010,w5,Pax,4,Red stem,0,0,0,0,0,1,0,0,0,0
28/11/2010,w5,Pax,4,Microlaena stipoides,0,0,0,0,0,0,1,0,0,0
28/11/2010,w5,Pax,4,Petrorhagia nanteuilii,0,0,0,0,0,0,0,1,0,0
28/11/2010,w5,don,1,Saffron thistle,8,1,0,4,4,1,1,0,50,1
28/11/2010,w5,don,1,Hypochaeris radicata,70,50,60,30,75,60,60,50,80,50
28/11/2010,w5,don,1,Bromus hordeaceus,60,4,1,4,8,1,1,0,20,1
28/11/2010,w5,don,1,Austrostipa scabra,1,0,4,8,0,1,0,0,1,0
28/11/2010,w5,don,1,Aira cupaniana,0,0,0,0,1,0,0,0,0,0
28/11/2010,w5,don,1,Pentaschistis airoides,1,4,4,8,4,30,4,30,1,1
28/11/2010,w5,don,1,Crassula sieberiana,1,1,4,4,0,4,0,1,0,0
28/11/2010,w5,don,1,Acetocella vulgaris,0,14,0,8,0,0,0,0,0,0
28/11/2010,w5,don,1,Trifolium subterraneum,90,80,60,20,4,50,90,30,90,90
28/11/2010,w5,don,1,Trifolium glomeratum,4,4,12,12,0,4,4,4,1,0
28/11/2010,w5,don,1,Oxalis perennans,0,0,0,0,0,1,0,1,1,0
28/11/2010,w5,don,1,Bromus rubens,60,40,8,4,20,20,4,4,12,1
28/11/2010,w5,don,1,Lomandra filiformis,0,0,0,0,0,0,0,0,0,0
28/11/2010,w5,don,1,Bothriochloa macra,12,8,4,16,80,12,8,12,75,20
28/11/2010,w5,don,1,Barley grass,0,0,0,0,0,0,0,0,1,0
28/11/2010,w5,don,1,Trifolium arvense,4,4,4,16,4,0,4,1,4,1
28/11/2010,w5,don,1,Bromus sp.,4,1,0,0,0,1,0,1,0,0
28/11/2010,w5,don,1,Bromus rubens,1,1,0,0,0,4,0,0,0,0
28/11/2010,w5,don,1,Trifolium striatum,0,0,0,0,1,0,0,0,0,1
28/11/2010,w5,don,1,Paronychia braziliana,0,0,1,0,1,0,0,0,0,0
28/11/2010,w5,don,1,Vulpia bromoides,0,0,4,0,0,0,0,0,0,0
28/11/2010,w5,don,1,Alternanthera pungens,0,0,0,0,0,0,0,0,0,0
28/11/2010,w5,don,1,Bromus diandrus,0,0,1,0,0,0,0,1,4,0
28/11/2010,w5,don,1,Bare ground,0,0,1,0,0,1,0,0,0,0
28/11/2010,w5,don,1,Spoon cudweed,0,0,0,0,1,0,0,0,0,0
28/11/2010,w5,don,1,Common cudweed,0,0,0,0,1,0,0,4,0,0
28/11/2010,w5,don,1,Austrodanthonia pilosa,0,0,0,0,1,0,0,0,0,0
28/11/2010,w5,don,1,Erodium pink (narrow),0,0,0,0,1,1,0,1,0,0
28/11/2010,w5,don,1,Vulpia muralis,0,0,0,0,0,0,0,0,0,0
28/11/2010,w5,don,1,Rock,0,0,0,0,4,4,4,0,1,1
28/11/2010,w5,don,1,Arenaria leptoclados,0,0,0,0,0,0,0,1,0,0
28/11/2010,w5,don,1,Barley grass,0,0,0,0,0,0,0,0,1,0
28/11/2010,w5,don,1,Petrorhagia nanteuilii,0,0,0,0,0,0,0,0,4,0
28/11/2010,w5,don,1,Austrodanthonia laevis,0,0,0,0,0,0,0,0,0,1
28/11/2010,w5,don,1,Austrodanthonia caespitosa,0,0,0,0,0,0,0,0,0,1
28/11/2010,w5,Correa,2,Saffron thistle,4,1,12,0,0,1,0,4,16,1
28/11/2010,w5,Correa,2,Hypochaeris radicata,84,20,40,16,24,4,50,16,16,40
28/11/2010,w5,Correa,2,Bromus hordeaceus,14,4,4,0,1,1,1,0,12,4
28/11/2010,w5,Correa,2,Austrostipa scabra,0,0,4,20,0,1,1,0,0,0
28/11/2010,w5,Correa,2,Aira cupaniana,1,0,4,0,0,0,0,0,0,0
28/11/2010,w5,Correa,2,Pentaschistis airoides,0,0,0,24,0,12,12,1,0,0
28/11/2010,w5,Correa,2,Trifolium subterraneum,90,90,30,20,16,90,16,12,90,80
28/11/2010,w5,Correa,2,Crassula sieberiana,0,0,1,0,1,1,0,0,0,4
28/11/2010,w5,Correa,2,Acetocella vulgaris,0,0,0,0,0,0,0,0,0,0
28/11/2010,w5,Correa,2,Trifolium glomeratum,1,1,1,1,8,0,0,1,1,12
28/11/2010,w5,Correa,2,Oxalis perennans,0,0,0,0,0,0,0,0,0,0
28/11/2010,w5,Correa,2,Bromus rubens,84,50,30,4,8,24,12,1,1,1
28/11/2010,w5,Correa,2,Lomandra filiformis,0,0,0,0,4,0,0,0,0,0
28/11/2010,w5,Correa,2,Bothriochloa macra,14,12,1,1,4,24,90,12,12,20
28/11/2010,w5,Correa,2,Trifolium arvense,1,1,20,8,4,0,0,0,1,1
28/11/2010,w5,Correa,2,Barley grass,1,0,1,0,0,0,0,0,1,0
28/11/2010,w5,Correa,2,Trifolium striatum,0,1,0,0,0,1,0,1,0,0
28/11/2010,w5,Correa,2,Alternanthera pungens,0,0,1,0,0,0,0,0,0,0
28/11/2010,w5,Correa,2,Bare ground,0,0,0,12,12,0,0,0,0,0
28/11/2010,w5,Correa,2,Arenaria leptoclados,0,0,0,1,1,0,0,4,0,0
28/11/2010,w5,Correa,2,Bromus diandrus,0,0,0,1,0,0,0,1,0,0
28/11/2010,w5,Correa,2,Austrodanthonia caespitosa,0,0,0,0,0,1,0,1,1,4
28/11/2010,w5,Correa,2,Vulpia muralis,0,0,0,0,0,1,0,0,0,1
28/11/2010,w5,Correa,2,Vulpia myuros,0,0,0,0,0,4,0,0,0,0
28/11/2010,w5,Correa,2,Erodium pink (narrow),0,0,0,0,0,1,0,0,0,0
28/11/2010,w5,Correa,2,Microlaena stipoides,0,0,0,0,0,0,1,0,0,0
28/11/2010,w5,Correa,2,Common cudweed,0,0,0,0,0,0,0,1,0,1
28/11/2010,w5,Correa,2,Austrodanthonia pilosa,0,0,0,0,0,0,0,0,0,0
28/11/2010,w5,Correa,2,Vulpia bromoides,0,0,0,0,0,0,0,0,0,1
4/12/2010,w1,don,3,Acetocella vulgaris,4,12,80,4,0,0,1,20,30,90
4/12/2010,w1,don,3,Aira elegantissima,0,0,0,0,0,0,0,0,0,0
4/12/2010,w1,don,3,Avena sativa,90,100,90,80,80,80,90,90,100,80
4/12/2010,w1,don,3,Bare ground,0,0,0,8,0,0,0,0,0,0
4/12/2010,w1,don,3,Bromus diandrus,0,100,40,4,4,0,24,90,0,70
4/12/2010,w1,don,3,Bromus hordeaceus,0,0,0,0,0,0,1,0,0,1
4/12/2010,w1,don,3,Carex inversa,0,0,12,0,0,0,0,0,0,0
4/12/2010,w1,don,3,Common cudweed,0,0,0,0,0,4,0,0,0,0
4/12/2010,w1,don,3,Oxalis perennans,0,0,0,0,0,0,4,0,1,0
4/12/2010,w1,don,3,Erodium blue,0,0,0,0,0,1,0,1,0,0
4/12/2010,w1,don,3,Grass litter,16,8,0,16,16,0,0,50,0,0
4/12/2010,w1,don,3,Holcus lanatus,8,8,12,16,50,60,0,0,0,0
4/12/2010,w1,don,3,Hypochaeris radicata,0,0,4,0,0,0,1,8,4,4
4/12/2010,w1,don,3,Microlaena stipoides,0,1,0,4,0,0,0,0,0,0
4/12/2010,w1,don,3,Setaria parviflora,0,0,0,0,0,0,1,0,0,0
4/12/2010,w1,don,3,Oxalis perennans,4,0,1,1,4,8,1,1,0,1
4/12/2010,w1,don,3,Panicum effusum,1,0,4,8,4,0,0,4,4,0
4/12/2010,w1,don,3,Phalaris aquatica,0,0,0,0,0,0,50,0,0,0
4/12/2010,w1,don,3,Geranium solanderi,0,0,0,0,1,0,0,0,0,16
4/12/2010,w1,don,3,Rock,0,0,0,0,0,0,0,1,0,0
4/12/2010,w1,don,3,Juncus bufonius,0,0,0,0,0,12,0,0,0,0
4/12/2010,w1,don,3,Austrodanthonia pilosa,4,0,0,0,0,0,0,0,0,0
4/12/2010,w1,don,3,Juncus subsecundas,0,0,0,0,0,4,0,0,0,0
4/12/2010,w1,don,3,Trifolium arvense,0,0,0,0,0,0,0,0,0,0
4/12/2010,w1,don,3,Trifolium glomeratum,0,0,0,0,0,0,0,0,12,0
4/12/2010,w1,don,3,Trifolium subterraneum,0,0,20,0,8,50,0,0,4,4
4/12/2010,w1,don,3,Vulpia bromoides,0,0,0,0,4,0,0,0,8,0
4/12/2010,w1,don,3,Vulpia muralis,0,0,0,0,8,1,0,20,0,0
4/12/2010,w1,Group,4,Avena sativa,90,90,90,100,100,40,90,70,90,90
4/12/2010,w1,Group,4,Acetocella vulgaris,1,50,70,30,30,50,1,50,30,50
4/12/2010,w1,Group,4,Oxalis perennans,1,1,0,1,1,1,0,4,1,1
4/12/2010,w1,Group,4,Erodium blue,0,1,0,0,4,0,0,0,0,0
4/12/2010,w1,Group,4,Geranium solanderi,1,0,0,0,0,0,0,0,0,12
4/12/2010,w1,Group,4,Holcus lanatus,4,0,0,0,30,80,0,0,0,0
4/12/2010,w1,Group,4,Austrodanthonia duttoniana,0,0,0,0,0,0,0,0,0,0
4/12/2010,w1,Group,4,Carex inversa,0,0,0,20,0,0,0,0,0,0
4/12/2010,w1,Group,4,Dock,0,0,0,0,0,0,0,0,0,0
4/12/2010,w1,Group,4,Austrodanthonia pilosa,0,0,0,0,0,0,0,0,0,0
4/12/2010,w1,Group,4,Panicum effusum,12,10,0,0,0,0,4,0,12,0
4/12/2010,w1,Group,4,Aira,0,0,0,0,0,0,0,0,0,0
4/12/2010,w1,Group,4,Grass litter,28,0,10,25,12,0,0,8,0,0
4/12/2010,w1,Group,4,Bromus diandrus,0,70,1,80,4,0,0,80,0,0
4/12/2010,w1,Group,4,Microlaena stipoides,0,0,0,0,0,0,4,4,0,0
4/12/2010,w1,Group,4,Hypochaeris radicata,0,4,1,0,0,0,1,0,0,4
4/12/2010,w1,Group,4,Bare ground,0,1,0,1,0,0,0,0,0,0
4/12/2010,w1,Group,4,Vulpia muralis,0,0,1,0,0,0,0,4,0,0
4/12/2010,w1,Group,4,Trifolium glomeratum,0,0,1,0,0,0,0,0,4,1
4/12/2010,w1,Group,4,Rock,0,0,0,1,0,0,0,0,0,0
4/12/2010,w1,Group,4,Prickly sow thistle,0,0,0,0,0,0,0,0,0,0
4/12/2010,w1,Group,4,Trifolium subterraneum,0,0,0,0,0,100,0,0,1,0
4/12/2010,w1,Group,4,Alternanthera pungens,0,0,0,0,0,0,0,1,0,0
4/12/2010,w1,Group,4,Pentaschistis airoides,0,0,0,0,0,0,0,0,8,0
4/12/2010,w1,Group,4,St johns wort,0,0,0,0,0,0,0,0,0,0
4/12/2010,w1,Group,4,Phalaris aquatica,0,0,0,0,0,0,1,0,0,0
4/12/2010,w1,Group,4,Oxalis perennans,0,0,0,0,0,0,1,0,0,0
4/12/2010,w1,Louise Armstrong,1,Avena sativa,80,80,60,40,80,80,80,30,80,90
4/12/2010,w1,Louise Armstrong,1,Acetocella vulgaris,16,4,16,40,0,4,8,40,16,60
4/12/2010,w1,Louise Armstrong,1,Oxalis perennans,1,0,0,0,1,1,1,0,0,1
4/12/2010,w1,Louise Armstrong,1,Erodium blue,0,1,0,1,4,0,0,0,0,0
4/12/2010,w1,Louise Armstrong,1,Geranium solanderi,0,0,0,0,0,0,0,0,0,30
4/12/2010,w1,Louise Armstrong,1,Holcus lanatus,4,1,0,4,12,16,8,0,16,0
4/12/2010,w1,Louise Armstrong,1,Microlaena stipoides,0,0,0,0,0,0,8,0,0,0
4/12/2010,w1,Louise Armstrong,1,Panicum effusum,0,4,1,0,0,0,4,0,8,0
4/12/2010,w1,Louise Armstrong,1,Grass litter,20,0,0,0,0,0,0,0,0,0
4/12/2010,w1,Louise Armstrong,1,Bare ground,0,1,1,4,0,0,0,0,0,0
4/12/2010,w1,Louise Armstrong,1,Leaf litter,0,0,0,1,0,8,0,8,0,4
4/12/2010,w1,Louise Armstrong,1,Bromus diandrus,0,1,0,0,0,4,0,8,8,8
4/12/2010,w1,Louise Armstrong,1,Trifolium glomeratum,0,0,1,0,0,0,0,0,0,0
4/12/2010,w1,Louise Armstrong,1,Hypochaeris radicata,0,0,1,0,0,0,1,1,0,0
4/12/2010,w1,Louise Armstrong,1,Trifolium subterraneum,0,0,1,1,1,0,80,0,12,1
4/12/2010,w1,Louise Armstrong,1,Austrostipa scabra,0,0,1,0,0,0,0,1,0,0
4/12/2010,w1,Louise Armstrong,1,Cynodon dactylon,0,0,0,1,0,4,0,0,0,0
4/12/2010,w1,Louise Armstrong,1,Carex inversa,1,0,0,4,0,0,0,0,0,0
4/12/2010,w1,Louise Armstrong,1,Vulpia muralis,0,0,0,0,0,0,0,8,4,0
4/12/2010,w1,Louise Armstrong,1,Common cudweed,0,0,0,0,0,0,0,0,0,0
4/12/2010,w1,Louise Armstrong,1,Gnaphalium spicatum,0,0,0,0,0,0,0,0,0,0
4/12/2010,w1,Louise Armstrong,1,Juncus bufonius,0,0,0,0,0,0,0,0,0,0
4/12/2010,w1,Louise Armstrong,1,Trifolium arvense,0,0,0,0,0,0,0,0,4,0
4/12/2010,w1,Louise Armstrong,1,Sonchus deraceus,0,0,4,0,0,0,0,0,0,0
4/12/2010,w1,Louise Armstrong,1,Plantago lanceolata,0,0,0,0,0,0,0,0,4,0
4/12/2010,w1,Louise Armstrong,1,Arenaria leptoclados,0,0,0,0,1,0,0,0,0,0
4/12/2010,w1,Louise Armstrong,1,Vulpia bromoides,0,0,0,0,1,0,0,0,0,0
4/12/2010,w1,Nola,2,Avena sativa,80,70,70,80,90,80,90,90,90,90
4/12/2010,w1,Nola,2,Acetocella vulgaris,10,30,60,50,12,1,1,30,12,40
4/12/2010,w1,Nola,2,Oxalis perennans,1,1,0,1,1,1,1,0,1,0
4/12/2010,w1,Nola,2,Erodium blue,1,1,0,0,0,0,0,0,0,0
4/12/2010,w1,Nola,2,Geranium solanderi,0,0,0,0,8,0,0,0,0,4
4/12/2010,w1,Nola,2,Holcus lanatus,1,1,0,0,1,10,0,0,0,0
4/12/2010,w1,Nola,2,Carex inversa,8,0,0,0,0,12,0,0,0,0
4/12/2010,w1,Nola,2,Austrodanthonia duttoniana,1,0,0,0,0,0,0,0,0,0
4/12/2010,w1,Nola,2,Austrodanthonia pilosa,0,1,0,0,1,0,0,0,0,0
4/12/2010,w1,Nola,2,Panicum effusum,1,4,4,1,0,0,1,0,20,0
4/12/2010,w1,Nola,2,Pentaschistis airoides,0,1,0,0,0,0,0,0,0,0
4/12/2010,w1,Nola,2,Hypochaeris radicata,0,0,0,1,0,0,0,0,4,0
4/12/2010,w1,Nola,2,Grass litter,12,8,12,12,12,0,30,16,8,0
4/12/2010,w1,Nola,2,Bromus diandrus,1,0,10,4,1,0,0,16,8,12
4/12/2010,w1,Nola,2,Common cudweed,0,1,0,0,0,0,0,0,0,0
4/12/2010,w1,Nola,2,Austrostipa scabra,0,0,0,0,1,0,0,0,0,0
4/12/2010,w1,Nola,2,Trifolium subterraneum,4,0,0,0,1,0,0,1,0,1
4/12/2010,w1,Nola,2,Bare ground,0,1,1,0,1,0,1,0,0,0
4/12/2010,w1,Nola,2,Oxalis perennans,0,0,0,0,0,0,0,1,0,0
4/12/2010,w1,Nola,2,Skeleton weed,0,0,0,0,0,0,0,1,0,0
4/12/2010,w1,Nola,2,Vulpia muralis,0,0,0,0,0,0,0,1,1,0
4/12/2010,w1,Nola,2,Gnaphalium spicatum,0,0,0,0,0,0,0,0,1,0
4/12/2010,w1,Nola,2,Serrated tussock,0,0,0,0,0,0,0,0,4,0
4/12/2010,w1,Nola,2,Briar rose,0,0,0,0,0,0,0,0,1,0
4/12/2010,w1,Nola,2,Sonchus deraceus,0,0,0,0,0,0,0,0,1,0
4/12/2010,w1,Nola,2,Trifolium arvense,0,0,0,0,0,0,0,0,4,0
